2025-10-08 11:59:58,750 [Worker-8: Loading available Gradle versions] INFO  o.e.b.c.i.u.g.PublishedGradleVersions - Gradle version information cache is out-of-date. Trying to update.
2025-10-08 12:06:10,233 [Worker-13: Creating project "bta-parent"] INFO  o.e.m.c.i.l.LifecycleMappingFactory - Using org.eclipse.m2e.jdt.JarLifecycleMapping lifecycle mapping for MavenProject: com.bta:bta-parent:0.0.1-SNAPSHOT @ E:\ongoing\AllSpring_25Aug25_23Oct25_11to1\budget-tracker\step1\bta-parent\pom.xml.
2025-10-08 12:06:10,451 [Worker-13: Creating project "bta-parent"] INFO  o.e.m.j.i.AbstractJavaProjectConfigurator - Adding source folder /bta-parent/src/main/java
2025-10-08 12:06:10,452 [Worker-13: Creating project "bta-parent"] INFO  o.e.m.j.i.AbstractJavaProjectConfigurator - Adding resource folder /bta-parent/src/main/resources
2025-10-08 12:06:10,477 [Worker-13: Creating project "bta-parent"] INFO  o.e.m.j.i.AbstractJavaProjectConfigurator - Adding source folder /bta-parent/src/test/java
2025-10-08 12:06:10,477 [Worker-13: Creating project "bta-parent"] INFO  o.e.m.j.i.AbstractJavaProjectConfigurator - Adding resource folder /bta-parent/src/test/resources
2025-10-08 12:06:10,978 [Worker-16: Building] WARN  o.e.m.c.i.embedder.EclipseLogger - Using platform encoding (Cp1252 actually) to copy filtered resources, i.e. build is platform dependent!
2025-10-08 12:06:10,985 [Worker-16: Building] INFO  o.e.m.c.i.embedder.EclipseLogger - Copying 0 resource
2025-10-08 12:06:10,987 [Worker-16: Building] WARN  o.e.m.c.i.embedder.EclipseLogger - Using platform encoding (Cp1252 actually) to copy filtered resources, i.e. build is platform dependent!
2025-10-08 12:06:10,987 [Worker-16: Building] INFO  o.e.m.c.i.embedder.EclipseLogger - Copying 0 resource
2025-10-08 12:16:28,859 [Worker-21: Import Getting Started Content] INFO  o.e.m.c.i.l.LifecycleMappingFactory - Using org.eclipse.m2e.jdt.JarLifecycleMapping lifecycle mapping for MavenProject: com.bta:bta-parent:0.0.1-SNAPSHOT @ E:\ongoing\AllSpring_25Aug25_23Oct25_11to1\budget-tracker\step1\bta-parent\pom.xml.
2025-10-08 12:16:29,083 [Worker-21: Import Getting Started Content] INFO  o.e.m.c.i.e.AbstractTransferListenerAdapter - Downloaded https://repo.maven.apache.org/maven2/org/springframework/boot/spring-boot-starter-actuator/3.5.6/spring-boot-starter-actuator-3.5.6.pom
2025-10-08 12:16:29,272 [Worker-21: Import Getting Started Content] INFO  o.e.m.c.i.e.AbstractTransferListenerAdapter - Downloaded https://repo.maven.apache.org/maven2/org/springframework/boot/spring-boot-actuator-autoconfigure/3.5.6/spring-boot-actuator-autoconfigure-3.5.6.pom
2025-10-08 12:16:29,390 [Worker-21: Import Getting Started Content] INFO  o.e.m.c.i.e.AbstractTransferListenerAdapter - Downloaded https://repo.maven.apache.org/maven2/org/springframework/boot/spring-boot-actuator/3.5.6/spring-boot-actuator-3.5.6.pom
2025-10-08 12:16:29,520 [Worker-21: Import Getting Started Content] INFO  o.e.m.c.i.e.AbstractTransferListenerAdapter - Downloaded https://repo.maven.apache.org/maven2/io/micrometer/micrometer-jakarta9/1.15.4/micrometer-jakarta9-1.15.4.pom
2025-10-08 12:16:29,624 [Worker-21: Import Getting Started Content] INFO  o.e.m.c.i.e.AbstractTransferListenerAdapter - Downloaded https://repo.maven.apache.org/maven2/io/micrometer/micrometer-core/1.15.4/micrometer-core-1.15.4.pom
2025-10-08 12:16:29,785 [Worker-21: Import Getting Started Content] INFO  o.e.m.c.i.e.AbstractTransferListenerAdapter - Downloaded https://repo.maven.apache.org/maven2/org/springframework/boot/spring-boot-starter-web/3.5.6/spring-boot-starter-web-3.5.6.pom
2025-10-08 12:16:29,897 [Worker-21: Import Getting Started Content] INFO  o.e.m.c.i.e.AbstractTransferListenerAdapter - Downloaded https://repo.maven.apache.org/maven2/org/springframework/boot/spring-boot-starter-json/3.5.6/spring-boot-starter-json-3.5.6.pom
2025-10-08 12:16:30,057 [Worker-21: Import Getting Started Content] INFO  o.e.m.c.i.e.AbstractTransferListenerAdapter - Downloaded https://repo.maven.apache.org/maven2/org/springframework/spring-web/6.2.11/spring-web-6.2.11.pom
2025-10-08 12:16:30,199 [Worker-21: Import Getting Started Content] INFO  o.e.m.c.i.e.AbstractTransferListenerAdapter - Downloaded https://repo.maven.apache.org/maven2/org/springframework/boot/spring-boot-starter-tomcat/3.5.6/spring-boot-starter-tomcat-3.5.6.pom
2025-10-08 12:16:30,315 [Worker-21: Import Getting Started Content] INFO  o.e.m.c.i.e.AbstractTransferListenerAdapter - Downloaded https://repo.maven.apache.org/maven2/org/apache/tomcat/embed/tomcat-embed-core/10.1.46/tomcat-embed-core-10.1.46.pom
2025-10-08 12:16:30,423 [Worker-21: Import Getting Started Content] INFO  o.e.m.c.i.e.AbstractTransferListenerAdapter - Downloaded https://repo.maven.apache.org/maven2/org/apache/tomcat/embed/tomcat-embed-el/10.1.46/tomcat-embed-el-10.1.46.pom
2025-10-08 12:16:30,541 [Worker-21: Import Getting Started Content] INFO  o.e.m.c.i.e.AbstractTransferListenerAdapter - Downloaded https://repo.maven.apache.org/maven2/org/apache/tomcat/embed/tomcat-embed-websocket/10.1.46/tomcat-embed-websocket-10.1.46.pom
2025-10-08 12:16:30,658 [Worker-21: Import Getting Started Content] INFO  o.e.m.c.i.e.AbstractTransferListenerAdapter - Downloaded https://repo.maven.apache.org/maven2/org/springframework/spring-webmvc/6.2.11/spring-webmvc-6.2.11.pom
2025-10-08 12:16:30,778 [Worker-21: Import Getting Started Content] INFO  o.e.m.c.i.e.AbstractTransferListenerAdapter - Downloaded https://repo.maven.apache.org/maven2/org/springframework/cloud/spring-cloud-starter-openfeign/4.3.0/spring-cloud-starter-openfeign-4.3.0.pom
2025-10-08 12:16:30,900 [Worker-21: Import Getting Started Content] INFO  o.e.m.c.i.e.AbstractTransferListenerAdapter - Downloaded https://repo.maven.apache.org/maven2/org/springframework/cloud/spring-cloud-openfeign/4.3.0/spring-cloud-openfeign-4.3.0.pom
2025-10-08 12:16:31,072 [Worker-21: Import Getting Started Content] INFO  o.e.m.c.i.e.AbstractTransferListenerAdapter - Downloaded https://repo.maven.apache.org/maven2/org/springframework/security/spring-security-crypto/6.5.5/spring-security-crypto-6.5.5.pom
2025-10-08 12:16:31,213 [Worker-21: Import Getting Started Content] INFO  o.e.m.c.i.e.AbstractTransferListenerAdapter - Downloaded https://repo.maven.apache.org/maven2/org/springframework/cloud/spring-cloud-openfeign-core/4.3.0/spring-cloud-openfeign-core-4.3.0.pom
2025-10-08 12:16:31,365 [Worker-21: Import Getting Started Content] INFO  o.e.m.c.i.e.AbstractTransferListenerAdapter - Downloaded https://repo.maven.apache.org/maven2/io/github/openfeign/feign-form-spring/13.6/feign-form-spring-13.6.pom
2025-10-08 12:16:31,492 [Worker-21: Import Getting Started Content] INFO  o.e.m.c.i.e.AbstractTransferListenerAdapter - Downloaded https://repo.maven.apache.org/maven2/io/github/openfeign/parent/13.6/parent-13.6.pom
2025-10-08 12:16:31,632 [Worker-21: Import Getting Started Content] INFO  o.e.m.c.i.e.AbstractTransferListenerAdapter - Downloaded https://repo.maven.apache.org/maven2/org/apache/commons/commons-text/1.13.0/commons-text-1.13.0.pom
2025-10-08 12:16:31,762 [Worker-21: Import Getting Started Content] INFO  o.e.m.c.i.e.AbstractTransferListenerAdapter - Downloaded https://repo.maven.apache.org/maven2/org/apache/commons/commons-parent/78/commons-parent-78.pom
2025-10-08 12:16:31,887 [Worker-21: Import Getting Started Content] INFO  o.e.m.c.i.e.AbstractTransferListenerAdapter - Downloaded https://repo.maven.apache.org/maven2/io/github/openfeign/feign-form/13.6/feign-form-13.6.pom
2025-10-08 12:16:32,000 [Worker-21: Import Getting Started Content] INFO  o.e.m.c.i.e.AbstractTransferListenerAdapter - Downloaded https://repo.maven.apache.org/maven2/io/github/openfeign/feign-core/13.6/feign-core-13.6.pom
2025-10-08 12:16:32,115 [Worker-21: Import Getting Started Content] INFO  o.e.m.c.i.e.AbstractTransferListenerAdapter - Downloaded https://repo.maven.apache.org/maven2/io/github/openfeign/feign-slf4j/13.6/feign-slf4j-13.6.pom
2025-10-08 12:16:32,225 [Worker-21: Import Getting Started Content] INFO  o.e.m.c.i.e.AbstractTransferListenerAdapter - Downloaded https://repo.maven.apache.org/maven2/org/springframework/boot/spring-boot-devtools/3.5.6/spring-boot-devtools-3.5.6.pom
2025-10-08 12:16:32,328 [AetherRepositoryConnector-repo.maven.apache.org-0-1] INFO  o.e.m.c.i.e.AbstractTransferListenerAdapter - Downloading https://repo.maven.apache.org/maven2/org/springframework/boot/spring-boot-actuator-autoconfigure/3.5.6/spring-boot-actuator-autoconfigure-3.5.6.jar
2025-10-08 12:16:32,423 [AetherRepositoryConnector-repo.maven.apache.org-0-2] INFO  o.e.m.c.i.e.AbstractTransferListenerAdapter - Downloading https://repo.maven.apache.org/maven2/org/springframework/boot/spring-boot-actuator/3.5.6/spring-boot-actuator-3.5.6.jar
2025-10-08 12:16:32,423 [AetherRepositoryConnector-repo.maven.apache.org-0-4] INFO  o.e.m.c.i.e.AbstractTransferListenerAdapter - Downloading https://repo.maven.apache.org/maven2/io/micrometer/micrometer-core/1.15.4/micrometer-core-1.15.4.jar
2025-10-08 12:16:32,447 [AetherRepositoryConnector-repo.maven.apache.org-0-0] INFO  o.e.m.c.i.e.AbstractTransferListenerAdapter - Downloading https://repo.maven.apache.org/maven2/org/springframework/boot/spring-boot-starter-actuator/3.5.6/spring-boot-starter-actuator-3.5.6.jar
2025-10-08 12:16:32,454 [AetherRepositoryConnector-repo.maven.apache.org-0-3] INFO  o.e.m.c.i.e.AbstractTransferListenerAdapter - Downloading https://repo.maven.apache.org/maven2/io/micrometer/micrometer-jakarta9/1.15.4/micrometer-jakarta9-1.15.4.jar
2025-10-08 12:16:32,564 [AetherRepositoryConnector-repo.maven.apache.org-0-0] INFO  o.e.m.c.i.e.AbstractTransferListenerAdapter - Downloaded https://repo.maven.apache.org/maven2/org/springframework/boot/spring-boot-starter-actuator/3.5.6/spring-boot-starter-actuator-3.5.6.jar
2025-10-08 12:16:32,588 [AetherRepositoryConnector-repo.maven.apache.org-0-3] INFO  o.e.m.c.i.e.AbstractTransferListenerAdapter - Downloaded https://repo.maven.apache.org/maven2/io/micrometer/micrometer-jakarta9/1.15.4/micrometer-jakarta9-1.15.4.jar
2025-10-08 12:16:32,615 [AetherRepositoryConnector-repo.maven.apache.org-0-0] INFO  o.e.m.c.i.e.AbstractTransferListenerAdapter - Downloading https://repo.maven.apache.org/maven2/org/springframework/boot/spring-boot-starter-web/3.5.6/spring-boot-starter-web-3.5.6.jar
2025-10-08 12:16:32,627 [AetherRepositoryConnector-repo.maven.apache.org-0-1] INFO  o.e.m.c.i.e.AbstractTransferListenerAdapter - Downloaded https://repo.maven.apache.org/maven2/org/springframework/boot/spring-boot-actuator-autoconfigure/3.5.6/spring-boot-actuator-autoconfigure-3.5.6.jar
2025-10-08 12:16:32,645 [AetherRepositoryConnector-repo.maven.apache.org-0-2] INFO  o.e.m.c.i.e.AbstractTransferListenerAdapter - Downloaded https://repo.maven.apache.org/maven2/org/springframework/boot/spring-boot-actuator/3.5.6/spring-boot-actuator-3.5.6.jar
2025-10-08 12:16:32,648 [AetherRepositoryConnector-repo.maven.apache.org-0-4] INFO  o.e.m.c.i.e.AbstractTransferListenerAdapter - Downloaded https://repo.maven.apache.org/maven2/io/micrometer/micrometer-core/1.15.4/micrometer-core-1.15.4.jar
2025-10-08 12:16:32,650 [AetherRepositoryConnector-repo.maven.apache.org-0-3] INFO  o.e.m.c.i.e.AbstractTransferListenerAdapter - Downloading https://repo.maven.apache.org/maven2/org/springframework/boot/spring-boot-starter-json/3.5.6/spring-boot-starter-json-3.5.6.jar
2025-10-08 12:16:32,672 [AetherRepositoryConnector-repo.maven.apache.org-0-0] INFO  o.e.m.c.i.e.AbstractTransferListenerAdapter - Downloaded https://repo.maven.apache.org/maven2/org/springframework/boot/spring-boot-starter-web/3.5.6/spring-boot-starter-web-3.5.6.jar
2025-10-08 12:16:32,698 [AetherRepositoryConnector-repo.maven.apache.org-0-2] INFO  o.e.m.c.i.e.AbstractTransferListenerAdapter - Downloading https://repo.maven.apache.org/maven2/org/apache/tomcat/embed/tomcat-embed-core/10.1.46/tomcat-embed-core-10.1.46.jar
2025-10-08 12:16:32,717 [AetherRepositoryConnector-repo.maven.apache.org-0-1] INFO  o.e.m.c.i.e.AbstractTransferListenerAdapter - Downloading https://repo.maven.apache.org/maven2/org/springframework/boot/spring-boot-starter-tomcat/3.5.6/spring-boot-starter-tomcat-3.5.6.jar
2025-10-08 12:16:32,717 [AetherRepositoryConnector-repo.maven.apache.org-0-4] INFO  o.e.m.c.i.e.AbstractTransferListenerAdapter - Downloading https://repo.maven.apache.org/maven2/org/apache/tomcat/embed/tomcat-embed-el/10.1.46/tomcat-embed-el-10.1.46.jar
2025-10-08 12:16:32,808 [AetherRepositoryConnector-repo.maven.apache.org-0-3] INFO  o.e.m.c.i.e.AbstractTransferListenerAdapter - Downloaded https://repo.maven.apache.org/maven2/org/springframework/boot/spring-boot-starter-json/3.5.6/spring-boot-starter-json-3.5.6.jar
2025-10-08 12:16:32,857 [AetherRepositoryConnector-repo.maven.apache.org-0-0] INFO  o.e.m.c.i.e.AbstractTransferListenerAdapter - Downloading https://repo.maven.apache.org/maven2/org/apache/tomcat/embed/tomcat-embed-websocket/10.1.46/tomcat-embed-websocket-10.1.46.jar
2025-10-08 12:16:33,004 [AetherRepositoryConnector-repo.maven.apache.org-0-1] INFO  o.e.m.c.i.e.AbstractTransferListenerAdapter - Downloaded https://repo.maven.apache.org/maven2/org/springframework/boot/spring-boot-starter-tomcat/3.5.6/spring-boot-starter-tomcat-3.5.6.jar
2025-10-08 12:16:33,024 [AetherRepositoryConnector-repo.maven.apache.org-0-3] INFO  o.e.m.c.i.e.AbstractTransferListenerAdapter - Downloading https://repo.maven.apache.org/maven2/org/springframework/spring-web/6.2.11/spring-web-6.2.11.jar
2025-10-08 12:16:33,025 [AetherRepositoryConnector-repo.maven.apache.org-0-4] INFO  o.e.m.c.i.e.AbstractTransferListenerAdapter - Downloaded https://repo.maven.apache.org/maven2/org/apache/tomcat/embed/tomcat-embed-el/10.1.46/tomcat-embed-el-10.1.46.jar
2025-10-08 12:16:33,054 [AetherRepositoryConnector-repo.maven.apache.org-0-0] INFO  o.e.m.c.i.e.AbstractTransferListenerAdapter - Downloaded https://repo.maven.apache.org/maven2/org/apache/tomcat/embed/tomcat-embed-websocket/10.1.46/tomcat-embed-websocket-10.1.46.jar
2025-10-08 12:16:33,119 [AetherRepositoryConnector-repo.maven.apache.org-0-1] INFO  o.e.m.c.i.e.AbstractTransferListenerAdapter - Downloading https://repo.maven.apache.org/maven2/org/springframework/spring-webmvc/6.2.11/spring-webmvc-6.2.11.jar
2025-10-08 12:16:33,137 [AetherRepositoryConnector-repo.maven.apache.org-0-4] INFO  o.e.m.c.i.e.AbstractTransferListenerAdapter - Downloading https://repo.maven.apache.org/maven2/org/springframework/cloud/spring-cloud-starter-openfeign/4.3.0/spring-cloud-starter-openfeign-4.3.0.jar
2025-10-08 12:16:33,155 [AetherRepositoryConnector-repo.maven.apache.org-0-0] INFO  o.e.m.c.i.e.AbstractTransferListenerAdapter - Downloading https://repo.maven.apache.org/maven2/org/springframework/cloud/spring-cloud-openfeign-core/4.3.0/spring-cloud-openfeign-core-4.3.0.jar
2025-10-08 12:16:33,160 [AetherRepositoryConnector-repo.maven.apache.org-0-2] INFO  o.e.m.c.i.e.AbstractTransferListenerAdapter - Downloaded https://repo.maven.apache.org/maven2/org/apache/tomcat/embed/tomcat-embed-core/10.1.46/tomcat-embed-core-10.1.46.jar
2025-10-08 12:16:33,230 [AetherRepositoryConnector-repo.maven.apache.org-0-2] INFO  o.e.m.c.i.e.AbstractTransferListenerAdapter - Downloading https://repo.maven.apache.org/maven2/io/github/openfeign/feign-form-spring/13.6/feign-form-spring-13.6.jar
2025-10-08 12:16:33,230 [AetherRepositoryConnector-repo.maven.apache.org-0-4] INFO  o.e.m.c.i.e.AbstractTransferListenerAdapter - Downloaded https://repo.maven.apache.org/maven2/org/springframework/cloud/spring-cloud-starter-openfeign/4.3.0/spring-cloud-starter-openfeign-4.3.0.jar
2025-10-08 12:16:33,230 [AetherRepositoryConnector-repo.maven.apache.org-0-3] INFO  o.e.m.c.i.e.AbstractTransferListenerAdapter - Downloaded https://repo.maven.apache.org/maven2/org/springframework/spring-web/6.2.11/spring-web-6.2.11.jar
2025-10-08 12:16:33,264 [AetherRepositoryConnector-repo.maven.apache.org-0-0] INFO  o.e.m.c.i.e.AbstractTransferListenerAdapter - Downloaded https://repo.maven.apache.org/maven2/org/springframework/cloud/spring-cloud-openfeign-core/4.3.0/spring-cloud-openfeign-core-4.3.0.jar
2025-10-08 12:16:33,309 [AetherRepositoryConnector-repo.maven.apache.org-0-3] INFO  o.e.m.c.i.e.AbstractTransferListenerAdapter - Downloading https://repo.maven.apache.org/maven2/io/github/openfeign/feign-form/13.6/feign-form-13.6.jar
2025-10-08 12:16:33,313 [AetherRepositoryConnector-repo.maven.apache.org-0-4] INFO  o.e.m.c.i.e.AbstractTransferListenerAdapter - Downloading https://repo.maven.apache.org/maven2/org/apache/commons/commons-text/1.13.0/commons-text-1.13.0.jar
2025-10-08 12:16:33,326 [AetherRepositoryConnector-repo.maven.apache.org-0-1] INFO  o.e.m.c.i.e.AbstractTransferListenerAdapter - Downloaded https://repo.maven.apache.org/maven2/org/springframework/spring-webmvc/6.2.11/spring-webmvc-6.2.11.jar
2025-10-08 12:16:33,330 [AetherRepositoryConnector-repo.maven.apache.org-0-2] INFO  o.e.m.c.i.e.AbstractTransferListenerAdapter - Downloaded https://repo.maven.apache.org/maven2/io/github/openfeign/feign-form-spring/13.6/feign-form-spring-13.6.jar
2025-10-08 12:16:33,352 [AetherRepositoryConnector-repo.maven.apache.org-0-0] INFO  o.e.m.c.i.e.AbstractTransferListenerAdapter - Downloading https://repo.maven.apache.org/maven2/org/springframework/security/spring-security-crypto/6.5.5/spring-security-crypto-6.5.5.jar
2025-10-08 12:16:33,377 [AetherRepositoryConnector-repo.maven.apache.org-0-3] INFO  o.e.m.c.i.e.AbstractTransferListenerAdapter - Downloaded https://repo.maven.apache.org/maven2/io/github/openfeign/feign-form/13.6/feign-form-13.6.jar
2025-10-08 12:16:33,389 [AetherRepositoryConnector-repo.maven.apache.org-0-2] INFO  o.e.m.c.i.e.AbstractTransferListenerAdapter - Downloading https://repo.maven.apache.org/maven2/io/github/openfeign/feign-slf4j/13.6/feign-slf4j-13.6.jar
2025-10-08 12:16:33,401 [AetherRepositoryConnector-repo.maven.apache.org-0-1] INFO  o.e.m.c.i.e.AbstractTransferListenerAdapter - Downloading https://repo.maven.apache.org/maven2/io/github/openfeign/feign-core/13.6/feign-core-13.6.jar
2025-10-08 12:16:33,416 [AetherRepositoryConnector-repo.maven.apache.org-0-4] INFO  o.e.m.c.i.e.AbstractTransferListenerAdapter - Downloaded https://repo.maven.apache.org/maven2/org/apache/commons/commons-text/1.13.0/commons-text-1.13.0.jar
2025-10-08 12:16:33,434 [AetherRepositoryConnector-repo.maven.apache.org-0-0] INFO  o.e.m.c.i.e.AbstractTransferListenerAdapter - Downloaded https://repo.maven.apache.org/maven2/org/springframework/security/spring-security-crypto/6.5.5/spring-security-crypto-6.5.5.jar
2025-10-08 12:16:33,437 [AetherRepositoryConnector-repo.maven.apache.org-0-3] INFO  o.e.m.c.i.e.AbstractTransferListenerAdapter - Downloading https://repo.maven.apache.org/maven2/org/springframework/boot/spring-boot-devtools/3.5.6/spring-boot-devtools-3.5.6.jar
2025-10-08 12:16:33,470 [AetherRepositoryConnector-repo.maven.apache.org-0-2] INFO  o.e.m.c.i.e.AbstractTransferListenerAdapter - Downloaded https://repo.maven.apache.org/maven2/io/github/openfeign/feign-slf4j/13.6/feign-slf4j-13.6.jar
2025-10-08 12:16:33,508 [AetherRepositoryConnector-repo.maven.apache.org-0-1] INFO  o.e.m.c.i.e.AbstractTransferListenerAdapter - Downloaded https://repo.maven.apache.org/maven2/io/github/openfeign/feign-core/13.6/feign-core-13.6.jar
2025-10-08 12:16:33,530 [AetherRepositoryConnector-repo.maven.apache.org-0-3] INFO  o.e.m.c.i.e.AbstractTransferListenerAdapter - Downloaded https://repo.maven.apache.org/maven2/org/springframework/boot/spring-boot-devtools/3.5.6/spring-boot-devtools-3.5.6.jar
2025-10-08 12:16:33,896 [Worker-21: Import Getting Started Content] INFO  o.e.m.j.i.AbstractJavaProjectConfigurator - Adding source folder /bta-parent/src/main/java
2025-10-08 12:16:33,896 [Worker-21: Import Getting Started Content] INFO  o.e.m.j.i.AbstractJavaProjectConfigurator - Adding resource folder /bta-parent/src/main/resources
2025-10-08 12:16:33,897 [Worker-21: Import Getting Started Content] INFO  o.e.m.j.i.AbstractJavaProjectConfigurator - Adding resource folder /bta-parent/src/main/resources
2025-10-08 12:16:33,898 [Worker-21: Import Getting Started Content] INFO  o.e.m.j.i.AbstractJavaProjectConfigurator - Adding source folder /bta-parent/src/test/java
2025-10-08 12:16:34,128 [Worker-21: Import Getting Started Content] INFO  o.e.m.c.i.p.ProjectConfigurationManager - Imported and configured 1 project(s) in 5 sec
2025-10-08 12:16:34,130 [Worker-21: Import Getting Started Content] INFO  o.e.m.c.i.p.ProjectConfigurationManager - Update started
2025-10-08 12:16:34,215 [Worker-21: Import Getting Started Content] INFO  o.e.m.c.i.l.LifecycleMappingFactory - Using org.eclipse.m2e.jdt.JarLifecycleMapping lifecycle mapping for MavenProject: com.bta:bta-parent:0.0.1-SNAPSHOT @ E:\ongoing\AllSpring_25Aug25_23Oct25_11to1\budget-tracker\step1\bta-parent\pom.xml.
2025-10-08 12:16:34,390 [Worker-21: Import Getting Started Content] INFO  o.e.m.j.i.AbstractJavaProjectConfigurator - Adding source folder /bta-parent/src/main/java
2025-10-08 12:16:34,390 [Worker-21: Import Getting Started Content] INFO  o.e.m.j.i.AbstractJavaProjectConfigurator - Adding resource folder /bta-parent/src/main/resources
2025-10-08 12:16:34,390 [Worker-21: Import Getting Started Content] INFO  o.e.m.j.i.AbstractJavaProjectConfigurator - Adding resource folder /bta-parent/src/main/resources
2025-10-08 12:16:34,392 [Worker-21: Import Getting Started Content] INFO  o.e.m.j.i.AbstractJavaProjectConfigurator - Adding source folder /bta-parent/src/test/java
2025-10-08 12:16:34,562 [Worker-21: Import Getting Started Content] INFO  o.e.m.c.i.p.ProjectConfigurationManager - Update completed for 1 poms: local refresh takes 0.00 sec, refresh facades takes 0.00 sec, update config takes 0.00 sec 
2025-10-08 12:16:35,009 [Worker-26: Download sources and javadoc] INFO  o.e.m.c.i.e.AbstractTransferListenerAdapter - Downloading https://repo.maven.apache.org/maven2/org/springframework/boot/spring-boot-starter-actuator/3.5.6/spring-boot-starter-actuator-3.5.6-sources.jar
2025-10-08 12:16:35,068 [Worker-26: Download sources and javadoc] INFO  o.e.m.c.i.e.AbstractTransferListenerAdapter - Downloaded https://repo.maven.apache.org/maven2/org/springframework/boot/spring-boot-starter-actuator/3.5.6/spring-boot-starter-actuator-3.5.6-sources.jar
2025-10-08 12:16:35,068 [Worker-26: Download sources and javadoc] INFO  o.e.m.j.internal.DownloadSourcesJob - Downloaded sources for org.springframework.boot:spring-boot-starter-actuator:3.5.6
2025-10-08 12:16:35,235 [Worker-26: Download sources and javadoc] INFO  o.e.m.c.i.e.AbstractTransferListenerAdapter - Downloading https://repo.maven.apache.org/maven2/org/springframework/boot/spring-boot-actuator-autoconfigure/3.5.6/spring-boot-actuator-autoconfigure-3.5.6-sources.jar
2025-10-08 12:16:35,419 [Worker-26: Download sources and javadoc] INFO  o.e.m.c.i.e.AbstractTransferListenerAdapter - Downloaded https://repo.maven.apache.org/maven2/org/springframework/boot/spring-boot-actuator-autoconfigure/3.5.6/spring-boot-actuator-autoconfigure-3.5.6-sources.jar
2025-10-08 12:16:35,421 [Worker-26: Download sources and javadoc] INFO  o.e.m.j.internal.DownloadSourcesJob - Downloaded sources for org.springframework.boot:spring-boot-actuator-autoconfigure:3.5.6
2025-10-08 12:16:35,618 [Worker-26: Download sources and javadoc] INFO  o.e.m.c.i.e.AbstractTransferListenerAdapter - Downloading https://repo.maven.apache.org/maven2/org/springframework/boot/spring-boot-actuator/3.5.6/spring-boot-actuator-3.5.6-sources.jar
2025-10-08 12:16:35,789 [Worker-26: Download sources and javadoc] INFO  o.e.m.c.i.e.AbstractTransferListenerAdapter - Downloaded https://repo.maven.apache.org/maven2/org/springframework/boot/spring-boot-actuator/3.5.6/spring-boot-actuator-3.5.6-sources.jar
2025-10-08 12:16:35,791 [Worker-26: Download sources and javadoc] INFO  o.e.m.j.internal.DownloadSourcesJob - Downloaded sources for org.springframework.boot:spring-boot-actuator:3.5.6
2025-10-08 12:16:35,987 [Worker-26: Download sources and javadoc] INFO  o.e.m.c.i.e.AbstractTransferListenerAdapter - Downloading https://repo.maven.apache.org/maven2/io/micrometer/micrometer-jakarta9/1.15.4/micrometer-jakarta9-1.15.4-sources.jar
2025-10-08 12:16:36,050 [Worker-26: Download sources and javadoc] INFO  o.e.m.c.i.e.AbstractTransferListenerAdapter - Downloaded https://repo.maven.apache.org/maven2/io/micrometer/micrometer-jakarta9/1.15.4/micrometer-jakarta9-1.15.4-sources.jar
2025-10-08 12:16:36,052 [Worker-26: Download sources and javadoc] INFO  o.e.m.j.internal.DownloadSourcesJob - Downloaded sources for io.micrometer:micrometer-jakarta9:1.15.4
2025-10-08 12:16:36,294 [Worker-26: Download sources and javadoc] INFO  o.e.m.c.i.e.AbstractTransferListenerAdapter - Downloading https://repo.maven.apache.org/maven2/io/micrometer/micrometer-core/1.15.4/micrometer-core-1.15.4-sources.jar
2025-10-08 12:16:36,505 [Worker-26: Download sources and javadoc] INFO  o.e.m.c.i.e.AbstractTransferListenerAdapter - Downloaded https://repo.maven.apache.org/maven2/io/micrometer/micrometer-core/1.15.4/micrometer-core-1.15.4-sources.jar
2025-10-08 12:16:36,507 [Worker-26: Download sources and javadoc] INFO  o.e.m.j.internal.DownloadSourcesJob - Downloaded sources for io.micrometer:micrometer-core:1.15.4
2025-10-08 12:16:36,667 [Worker-26: Download sources and javadoc] INFO  o.e.m.c.i.e.AbstractTransferListenerAdapter - Downloading https://repo.maven.apache.org/maven2/org/springframework/boot/spring-boot-starter-web/3.5.6/spring-boot-starter-web-3.5.6-sources.jar
2025-10-08 12:16:36,718 [Worker-26: Download sources and javadoc] INFO  o.e.m.c.i.e.AbstractTransferListenerAdapter - Downloaded https://repo.maven.apache.org/maven2/org/springframework/boot/spring-boot-starter-web/3.5.6/spring-boot-starter-web-3.5.6-sources.jar
2025-10-08 12:16:36,720 [Worker-26: Download sources and javadoc] INFO  o.e.m.j.internal.DownloadSourcesJob - Downloaded sources for org.springframework.boot:spring-boot-starter-web:3.5.6
2025-10-08 12:16:36,907 [Worker-26: Download sources and javadoc] INFO  o.e.m.c.i.e.AbstractTransferListenerAdapter - Downloading https://repo.maven.apache.org/maven2/org/springframework/boot/spring-boot-starter-json/3.5.6/spring-boot-starter-json-3.5.6-sources.jar
2025-10-08 12:16:37,009 [Worker-26: Download sources and javadoc] INFO  o.e.m.c.i.e.AbstractTransferListenerAdapter - Downloaded https://repo.maven.apache.org/maven2/org/springframework/boot/spring-boot-starter-json/3.5.6/spring-boot-starter-json-3.5.6-sources.jar
2025-10-08 12:16:37,010 [Worker-26: Download sources and javadoc] INFO  o.e.m.j.internal.DownloadSourcesJob - Downloaded sources for org.springframework.boot:spring-boot-starter-json:3.5.6
2025-10-08 12:16:37,189 [Worker-26: Download sources and javadoc] INFO  o.e.m.c.i.e.AbstractTransferListenerAdapter - Downloading https://repo.maven.apache.org/maven2/org/springframework/boot/spring-boot-starter-tomcat/3.5.6/spring-boot-starter-tomcat-3.5.6-sources.jar
2025-10-08 12:16:37,244 [Worker-26: Download sources and javadoc] INFO  o.e.m.c.i.e.AbstractTransferListenerAdapter - Downloaded https://repo.maven.apache.org/maven2/org/springframework/boot/spring-boot-starter-tomcat/3.5.6/spring-boot-starter-tomcat-3.5.6-sources.jar
2025-10-08 12:16:37,246 [Worker-26: Download sources and javadoc] INFO  o.e.m.j.internal.DownloadSourcesJob - Downloaded sources for org.springframework.boot:spring-boot-starter-tomcat:3.5.6
2025-10-08 12:16:37,412 [Worker-26: Download sources and javadoc] INFO  o.e.m.c.i.e.AbstractTransferListenerAdapter - Downloading https://repo.maven.apache.org/maven2/org/apache/tomcat/embed/tomcat-embed-core/10.1.46/tomcat-embed-core-10.1.46-sources.jar
2025-10-08 12:16:37,805 [Worker-26: Download sources and javadoc] INFO  o.e.m.c.i.e.AbstractTransferListenerAdapter - Downloaded https://repo.maven.apache.org/maven2/org/apache/tomcat/embed/tomcat-embed-core/10.1.46/tomcat-embed-core-10.1.46-sources.jar
2025-10-08 12:16:37,807 [Worker-26: Download sources and javadoc] INFO  o.e.m.j.internal.DownloadSourcesJob - Downloaded sources for org.apache.tomcat.embed:tomcat-embed-core:10.1.46
2025-10-08 12:16:37,984 [Worker-26: Download sources and javadoc] INFO  o.e.m.c.i.e.AbstractTransferListenerAdapter - Downloading https://repo.maven.apache.org/maven2/org/apache/tomcat/embed/tomcat-embed-el/10.1.46/tomcat-embed-el-10.1.46-sources.jar
2025-10-08 12:16:38,133 [Worker-26: Download sources and javadoc] INFO  o.e.m.c.i.e.AbstractTransferListenerAdapter - Downloaded https://repo.maven.apache.org/maven2/org/apache/tomcat/embed/tomcat-embed-el/10.1.46/tomcat-embed-el-10.1.46-sources.jar
2025-10-08 12:16:38,134 [Worker-26: Download sources and javadoc] INFO  o.e.m.j.internal.DownloadSourcesJob - Downloaded sources for org.apache.tomcat.embed:tomcat-embed-el:10.1.46
2025-10-08 12:16:38,308 [Worker-26: Download sources and javadoc] INFO  o.e.m.c.i.e.AbstractTransferListenerAdapter - Downloading https://repo.maven.apache.org/maven2/org/apache/tomcat/embed/tomcat-embed-websocket/10.1.46/tomcat-embed-websocket-10.1.46-sources.jar
2025-10-08 12:16:38,463 [Worker-26: Download sources and javadoc] INFO  o.e.m.c.i.e.AbstractTransferListenerAdapter - Downloaded https://repo.maven.apache.org/maven2/org/apache/tomcat/embed/tomcat-embed-websocket/10.1.46/tomcat-embed-websocket-10.1.46-sources.jar
2025-10-08 12:16:38,464 [Worker-26: Download sources and javadoc] INFO  o.e.m.j.internal.DownloadSourcesJob - Downloaded sources for org.apache.tomcat.embed:tomcat-embed-websocket:10.1.46
2025-10-08 12:16:38,635 [Worker-26: Download sources and javadoc] INFO  o.e.m.c.i.e.AbstractTransferListenerAdapter - Downloading https://repo.maven.apache.org/maven2/org/springframework/spring-web/6.2.11/spring-web-6.2.11-sources.jar
2025-10-08 12:16:38,868 [Worker-26: Download sources and javadoc] INFO  o.e.m.c.i.e.AbstractTransferListenerAdapter - Downloaded https://repo.maven.apache.org/maven2/org/springframework/spring-web/6.2.11/spring-web-6.2.11-sources.jar
2025-10-08 12:16:38,869 [Worker-26: Download sources and javadoc] INFO  o.e.m.j.internal.DownloadSourcesJob - Downloaded sources for org.springframework:spring-web:6.2.11
2025-10-08 12:16:39,087 [Worker-26: Download sources and javadoc] INFO  o.e.m.c.i.e.AbstractTransferListenerAdapter - Downloading https://repo.maven.apache.org/maven2/org/springframework/spring-webmvc/6.2.11/spring-webmvc-6.2.11-sources.jar
2025-10-08 12:16:39,283 [Worker-26: Download sources and javadoc] INFO  o.e.m.c.i.e.AbstractTransferListenerAdapter - Downloaded https://repo.maven.apache.org/maven2/org/springframework/spring-webmvc/6.2.11/spring-webmvc-6.2.11-sources.jar
2025-10-08 12:16:39,285 [Worker-26: Download sources and javadoc] INFO  o.e.m.j.internal.DownloadSourcesJob - Downloaded sources for org.springframework:spring-webmvc:6.2.11
2025-10-08 12:16:39,450 [Worker-26: Download sources and javadoc] INFO  o.e.m.c.i.e.AbstractTransferListenerAdapter - Downloaded https://repo.maven.apache.org/maven2/org/springframework/cloud/spring-cloud-starter-openfeign/4.3.0/spring-cloud-starter-openfeign-4.3.0-sources.jar
2025-10-08 12:16:39,453 [Worker-26: Download sources and javadoc] ERROR o.e.m.j.internal.DownloadSourcesJob - Could not download sources for org.springframework.cloud:spring-cloud-starter-openfeign:4.3.0
org.eclipse.core.runtime.CoreException: Could not resolve artifact org.springframework.cloud:spring-cloud-starter-openfeign:jar:sources:4.3.0
	at org.eclipse.m2e.core.internal.embedder.MavenImpl.lambda$6(MavenImpl.java:587)
	at org.eclipse.m2e.core.internal.embedder.MavenExecutionContext.executeBare(MavenExecutionContext.java:364)
	at org.eclipse.m2e.core.internal.embedder.MavenExecutionContext.execute(MavenExecutionContext.java:227)
	at org.eclipse.m2e.core.internal.embedder.MavenExecutionContext.execute(MavenExecutionContext.java:213)
	at org.eclipse.m2e.core.internal.embedder.MavenImpl.resolve(MavenImpl.java:556)
	at org.eclipse.m2e.core.internal.embedder.MavenImpl.resolve(MavenImpl.java:541)
	at org.eclipse.m2e.jdt.internal.DownloadSourcesJob.download(DownloadSourcesJob.java:308)
	at org.eclipse.m2e.jdt.internal.DownloadSourcesJob.downloadAttachments(DownloadSourcesJob.java:282)
	at org.eclipse.m2e.jdt.internal.DownloadSourcesJob.downloadMaven(DownloadSourcesJob.java:252)
	at org.eclipse.m2e.jdt.internal.DownloadSourcesJob.downloadFilesAndPopulateToUpdate(DownloadSourcesJob.java:220)
	at org.eclipse.m2e.jdt.internal.DownloadSourcesJob.lambda$0(DownloadSourcesJob.java:149)
	at org.eclipse.m2e.core.internal.embedder.MavenExecutionContext.executeBare(MavenExecutionContext.java:364)
	at org.eclipse.m2e.core.internal.embedder.MavenExecutionContext.execute(MavenExecutionContext.java:274)
	at org.eclipse.m2e.core.internal.embedder.MavenExecutionContext.execute(MavenExecutionContext.java:213)
	at org.eclipse.m2e.core.embedder.IMaven.execute(IMaven.java:294)
	at org.eclipse.m2e.jdt.internal.DownloadSourcesJob.run(DownloadSourcesJob.java:149)
	at org.eclipse.core.internal.jobs.Worker.run(Worker.java:63)
2025-10-08 12:16:39,666 [Worker-26: Download sources and javadoc] INFO  o.e.m.c.i.e.AbstractTransferListenerAdapter - Downloading https://repo.maven.apache.org/maven2/org/springframework/cloud/spring-cloud-openfeign-core/4.3.0/spring-cloud-openfeign-core-4.3.0-sources.jar
2025-10-08 12:16:39,812 [Worker-26: Download sources and javadoc] INFO  o.e.m.c.i.e.AbstractTransferListenerAdapter - Downloaded https://repo.maven.apache.org/maven2/org/springframework/cloud/spring-cloud-openfeign-core/4.3.0/spring-cloud-openfeign-core-4.3.0-sources.jar
2025-10-08 12:16:39,814 [Worker-26: Download sources and javadoc] INFO  o.e.m.j.internal.DownloadSourcesJob - Downloaded sources for org.springframework.cloud:spring-cloud-openfeign-core:4.3.0
2025-10-08 12:16:40,008 [Worker-26: Download sources and javadoc] INFO  o.e.m.c.i.e.AbstractTransferListenerAdapter - Downloading https://repo.maven.apache.org/maven2/io/github/openfeign/feign-form-spring/13.6/feign-form-spring-13.6-sources.jar
2025-10-08 12:16:40,076 [Worker-26: Download sources and javadoc] INFO  o.e.m.c.i.e.AbstractTransferListenerAdapter - Downloaded https://repo.maven.apache.org/maven2/io/github/openfeign/feign-form-spring/13.6/feign-form-spring-13.6-sources.jar
2025-10-08 12:16:40,077 [Worker-26: Download sources and javadoc] INFO  o.e.m.j.internal.DownloadSourcesJob - Downloaded sources for io.github.openfeign:feign-form-spring:13.6
2025-10-08 12:16:40,237 [Worker-26: Download sources and javadoc] INFO  o.e.m.c.i.e.AbstractTransferListenerAdapter - Downloading https://repo.maven.apache.org/maven2/org/apache/commons/commons-text/1.13.0/commons-text-1.13.0-sources.jar
2025-10-08 12:16:40,424 [Worker-26: Download sources and javadoc] INFO  o.e.m.c.i.e.AbstractTransferListenerAdapter - Downloaded https://repo.maven.apache.org/maven2/org/apache/commons/commons-text/1.13.0/commons-text-1.13.0-sources.jar
2025-10-08 12:16:40,425 [Worker-26: Download sources and javadoc] INFO  o.e.m.j.internal.DownloadSourcesJob - Downloaded sources for org.apache.commons:commons-text:1.13.0
2025-10-08 12:16:40,615 [Worker-26: Download sources and javadoc] INFO  o.e.m.c.i.e.AbstractTransferListenerAdapter - Downloading https://repo.maven.apache.org/maven2/io/github/openfeign/feign-form/13.6/feign-form-13.6-sources.jar
2025-10-08 12:16:40,737 [Worker-26: Download sources and javadoc] INFO  o.e.m.c.i.e.AbstractTransferListenerAdapter - Downloaded https://repo.maven.apache.org/maven2/io/github/openfeign/feign-form/13.6/feign-form-13.6-sources.jar
2025-10-08 12:16:40,738 [Worker-26: Download sources and javadoc] INFO  o.e.m.j.internal.DownloadSourcesJob - Downloaded sources for io.github.openfeign:feign-form:13.6
2025-10-08 12:16:40,909 [Worker-26: Download sources and javadoc] INFO  o.e.m.c.i.e.AbstractTransferListenerAdapter - Downloading https://repo.maven.apache.org/maven2/org/springframework/security/spring-security-crypto/6.5.5/spring-security-crypto-6.5.5-sources.jar
2025-10-08 12:16:41,011 [Worker-26: Download sources and javadoc] INFO  o.e.m.c.i.e.AbstractTransferListenerAdapter - Downloaded https://repo.maven.apache.org/maven2/org/springframework/security/spring-security-crypto/6.5.5/spring-security-crypto-6.5.5-sources.jar
2025-10-08 12:16:41,012 [Worker-26: Download sources and javadoc] INFO  o.e.m.j.internal.DownloadSourcesJob - Downloaded sources for org.springframework.security:spring-security-crypto:6.5.5
2025-10-08 12:16:41,182 [Worker-26: Download sources and javadoc] INFO  o.e.m.c.i.e.AbstractTransferListenerAdapter - Downloading https://repo.maven.apache.org/maven2/io/github/openfeign/feign-core/13.6/feign-core-13.6-sources.jar
2025-10-08 12:16:41,488 [Worker-26: Download sources and javadoc] INFO  o.e.m.c.i.e.AbstractTransferListenerAdapter - Downloaded https://repo.maven.apache.org/maven2/io/github/openfeign/feign-core/13.6/feign-core-13.6-sources.jar
2025-10-08 12:16:41,489 [Worker-26: Download sources and javadoc] INFO  o.e.m.j.internal.DownloadSourcesJob - Downloaded sources for io.github.openfeign:feign-core:13.6
2025-10-08 12:16:41,656 [Worker-26: Download sources and javadoc] INFO  o.e.m.c.i.e.AbstractTransferListenerAdapter - Downloading https://repo.maven.apache.org/maven2/io/github/openfeign/feign-slf4j/13.6/feign-slf4j-13.6-sources.jar
2025-10-08 12:16:41,742 [Worker-26: Download sources and javadoc] INFO  o.e.m.c.i.e.AbstractTransferListenerAdapter - Downloaded https://repo.maven.apache.org/maven2/io/github/openfeign/feign-slf4j/13.6/feign-slf4j-13.6-sources.jar
2025-10-08 12:16:41,744 [Worker-26: Download sources and javadoc] INFO  o.e.m.j.internal.DownloadSourcesJob - Downloaded sources for io.github.openfeign:feign-slf4j:13.6
2025-10-08 12:16:41,944 [Worker-26: Download sources and javadoc] INFO  o.e.m.c.i.e.AbstractTransferListenerAdapter - Downloading https://repo.maven.apache.org/maven2/org/springframework/boot/spring-boot-devtools/3.5.6/spring-boot-devtools-3.5.6-sources.jar
2025-10-08 12:16:42,104 [Worker-26: Download sources and javadoc] INFO  o.e.m.c.i.e.AbstractTransferListenerAdapter - Downloaded https://repo.maven.apache.org/maven2/org/springframework/boot/spring-boot-devtools/3.5.6/spring-boot-devtools-3.5.6-sources.jar
2025-10-08 12:16:42,105 [Worker-26: Download sources and javadoc] INFO  o.e.m.j.internal.DownloadSourcesJob - Downloaded sources for org.springframework.boot:spring-boot-devtools:3.5.6
2025-10-08 12:17:59,227 [Worker-26: Building] INFO  o.e.m.c.i.l.LifecycleMappingFactory - Using NULL lifecycle mapping for MavenProject: com.bta:bta-parent:0.0.1-SNAPSHOT @ E:\ongoing\AllSpring_25Aug25_23Oct25_11to1\budget-tracker\step1\bta-parent\pom.xml.
2025-10-08 12:17:59,346 [Worker-25: Updating Maven Project] INFO  o.e.m.c.i.p.ProjectConfigurationManager - Update started
2025-10-08 12:17:59,415 [Worker-25: Updating Maven Project] INFO  o.e.m.c.i.l.LifecycleMappingFactory - Using NULL lifecycle mapping for MavenProject: com.bta:bta-parent:0.0.1-SNAPSHOT @ E:\ongoing\AllSpring_25Aug25_23Oct25_11to1\budget-tracker\step1\bta-parent\pom.xml.
2025-10-08 12:17:59,556 [Worker-25: Updating Maven Project] INFO  o.e.m.c.i.p.ProjectConfigurationManager - Update completed for 1 poms: local refresh takes 0.00 sec, refresh facades takes 0.00 sec, update config takes 0.00 sec 
2025-10-08 12:18:00,594 [Worker-29: Download sources and javadoc] INFO  o.e.m.c.i.e.AbstractTransferListenerAdapter - Downloaded https://repo.maven.apache.org/maven2/org/springframework/cloud/spring-cloud-starter-openfeign/4.3.0/spring-cloud-starter-openfeign-4.3.0-javadoc.jar
2025-10-08 12:18:00,596 [Worker-29: Download sources and javadoc] ERROR o.e.m.j.internal.DownloadSourcesJob - Could not download javadoc for org.springframework.cloud:spring-cloud-starter-openfeign:4.3.0
org.eclipse.core.runtime.CoreException: Could not resolve artifact org.springframework.cloud:spring-cloud-starter-openfeign:jar:javadoc:4.3.0
	at org.eclipse.m2e.core.internal.embedder.MavenImpl.lambda$6(MavenImpl.java:587)
	at org.eclipse.m2e.core.internal.embedder.MavenExecutionContext.executeBare(MavenExecutionContext.java:364)
	at org.eclipse.m2e.core.internal.embedder.MavenExecutionContext.execute(MavenExecutionContext.java:227)
	at org.eclipse.m2e.core.internal.embedder.MavenExecutionContext.execute(MavenExecutionContext.java:213)
	at org.eclipse.m2e.core.internal.embedder.MavenImpl.resolve(MavenImpl.java:556)
	at org.eclipse.m2e.core.internal.embedder.MavenImpl.resolve(MavenImpl.java:541)
	at org.eclipse.m2e.jdt.internal.DownloadSourcesJob.download(DownloadSourcesJob.java:308)
	at org.eclipse.m2e.jdt.internal.DownloadSourcesJob.downloadAttachments(DownloadSourcesJob.java:294)
	at org.eclipse.m2e.jdt.internal.DownloadSourcesJob.downloadMaven(DownloadSourcesJob.java:252)
	at org.eclipse.m2e.jdt.internal.DownloadSourcesJob.downloadFilesAndPopulateToUpdate(DownloadSourcesJob.java:220)
	at org.eclipse.m2e.jdt.internal.DownloadSourcesJob.lambda$0(DownloadSourcesJob.java:149)
	at org.eclipse.m2e.core.internal.embedder.MavenExecutionContext.executeBare(MavenExecutionContext.java:364)
	at org.eclipse.m2e.core.internal.embedder.MavenExecutionContext.execute(MavenExecutionContext.java:274)
	at org.eclipse.m2e.core.internal.embedder.MavenExecutionContext.execute(MavenExecutionContext.java:213)
	at org.eclipse.m2e.core.embedder.IMaven.execute(IMaven.java:294)
	at org.eclipse.m2e.jdt.internal.DownloadSourcesJob.run(DownloadSourcesJob.java:149)
	at org.eclipse.core.internal.jobs.Worker.run(Worker.java:63)
2025-10-08 12:19:49,168 [Worker-21: Building] ERROR o.e.m.c.i.p.r.ProjectRegistryManager - Could not read pom.xml
org.eclipse.core.runtime.CoreException: Could not read pom.xml
	at org.eclipse.m2e.core.internal.IMavenToolbox.readModel(IMavenToolbox.java:230)
	at org.eclipse.m2e.core.internal.project.registry.ProjectRegistryManager.refreshPhase2(ProjectRegistryManager.java:574)
	at org.eclipse.m2e.core.internal.project.registry.ProjectRegistryManager.refresh(ProjectRegistryManager.java:474)
	at org.eclipse.m2e.core.internal.project.registry.ProjectRegistryManager.refresh(ProjectRegistryManager.java:360)
	at org.eclipse.m2e.core.internal.project.registry.ProjectRegistryManager.refresh(ProjectRegistryManager.java:313)
	at org.eclipse.m2e.core.internal.builder.MavenBuilder$BuildMethod.getProjectFacade(MavenBuilder.java:149)
	at org.eclipse.m2e.core.internal.builder.MavenBuilder$BuildMethod.lambda$0(MavenBuilder.java:87)
	at org.eclipse.m2e.core.internal.embedder.MavenExecutionContext.executeBare(MavenExecutionContext.java:364)
	at org.eclipse.m2e.core.internal.embedder.MavenExecutionContext.execute(MavenExecutionContext.java:274)
	at org.eclipse.m2e.core.internal.embedder.MavenExecutionContext.execute(MavenExecutionContext.java:213)
	at org.eclipse.m2e.core.internal.builder.MavenBuilder$BuildMethod.execute(MavenBuilder.java:86)
	at org.eclipse.m2e.core.internal.builder.MavenBuilder.build(MavenBuilder.java:196)
	at org.eclipse.core.internal.events.BuildManager$2.run(BuildManager.java:1020)
	at org.eclipse.core.runtime.SafeRunner.run(SafeRunner.java:45)
	at org.eclipse.core.internal.events.BuildManager.basicBuild(BuildManager.java:247)
	at org.eclipse.core.internal.events.BuildManager.basicBuild(BuildManager.java:303)
	at org.eclipse.core.internal.events.BuildManager$1.run(BuildManager.java:392)
	at org.eclipse.core.runtime.SafeRunner.run(SafeRunner.java:45)
	at org.eclipse.core.internal.events.BuildManager.basicBuild(BuildManager.java:395)
	at org.eclipse.core.internal.events.BuildManager.basicBuildLoop(BuildManager.java:506)
	at org.eclipse.core.internal.events.BuildManager.basicBuildLoop(BuildManager.java:454)
	at org.eclipse.core.internal.events.BuildManager.build(BuildManager.java:536)
	at org.eclipse.core.internal.events.AutoBuildJob.doBuild(AutoBuildJob.java:161)
	at org.eclipse.core.internal.events.AutoBuildJob.run(AutoBuildJob.java:255)
	at org.eclipse.core.internal.jobs.Worker.run(Worker.java:63)
Caused by: org.apache.maven.model.io.ModelParseException: Duplicated tag: 'dependencyManagement' (position: START_TAG seen ...</dependencies>\n\t<dependencyManagement>... @78:24) 
	at org.apache.maven.model.io.DefaultModelReader.read(DefaultModelReader.java:117)
	at org.apache.maven.model.io.DefaultModelReader.read(DefaultModelReader.java:85)
	at org.eclipse.m2e.core.internal.IMavenToolbox.readModel(IMavenToolbox.java:228)
	... 24 common frames omitted
Caused by: org.codehaus.plexus.util.xml.pull.XmlPullParserException: Duplicated tag: 'dependencyManagement' (position: START_TAG seen ...</dependencies>\n\t<dependencyManagement>... @78:24) 
	at org.apache.maven.model.io.xpp3.MavenXpp3Reader.checkFieldWithDuplicate(MavenXpp3Reader.java:140)
	at org.apache.maven.model.io.xpp3.MavenXpp3Reader.parseModel(MavenXpp3Reader.java:2227)
	at org.apache.maven.model.io.xpp3.MavenXpp3Reader.read(MavenXpp3Reader.java:3872)
	at org.apache.maven.model.io.xpp3.MavenXpp3Reader.read(MavenXpp3Reader.java:595)
	at org.apache.maven.model.io.DefaultModelReader.read(DefaultModelReader.java:112)
	... 26 common frames omitted
2025-10-08 12:19:50,340 [Worker-25: Building] ERROR o.e.m.c.i.p.r.ProjectRegistryManager - Could not read pom.xml
org.eclipse.core.runtime.CoreException: Could not read pom.xml
	at org.eclipse.m2e.core.internal.IMavenToolbox.readModel(IMavenToolbox.java:230)
	at org.eclipse.m2e.core.internal.project.registry.ProjectRegistryManager.refreshPhase2(ProjectRegistryManager.java:574)
	at org.eclipse.m2e.core.internal.project.registry.ProjectRegistryManager.refresh(ProjectRegistryManager.java:474)
	at org.eclipse.m2e.core.internal.project.registry.ProjectRegistryManager.refresh(ProjectRegistryManager.java:360)
	at org.eclipse.m2e.core.internal.project.registry.ProjectRegistryManager.refresh(ProjectRegistryManager.java:313)
	at org.eclipse.m2e.core.internal.builder.MavenBuilder$BuildMethod.getProjectFacade(MavenBuilder.java:149)
	at org.eclipse.m2e.core.internal.builder.MavenBuilder$BuildMethod.lambda$0(MavenBuilder.java:87)
	at org.eclipse.m2e.core.internal.embedder.MavenExecutionContext.executeBare(MavenExecutionContext.java:364)
	at org.eclipse.m2e.core.internal.embedder.MavenExecutionContext.execute(MavenExecutionContext.java:274)
	at org.eclipse.m2e.core.internal.embedder.MavenExecutionContext.execute(MavenExecutionContext.java:213)
	at org.eclipse.m2e.core.internal.builder.MavenBuilder$BuildMethod.execute(MavenBuilder.java:86)
	at org.eclipse.m2e.core.internal.builder.MavenBuilder.build(MavenBuilder.java:196)
	at org.eclipse.core.internal.events.BuildManager$2.run(BuildManager.java:1020)
	at org.eclipse.core.runtime.SafeRunner.run(SafeRunner.java:45)
	at org.eclipse.core.internal.events.BuildManager.basicBuild(BuildManager.java:247)
	at org.eclipse.core.internal.events.BuildManager.basicBuild(BuildManager.java:303)
	at org.eclipse.core.internal.events.BuildManager$1.run(BuildManager.java:392)
	at org.eclipse.core.runtime.SafeRunner.run(SafeRunner.java:45)
	at org.eclipse.core.internal.events.BuildManager.basicBuild(BuildManager.java:395)
	at org.eclipse.core.internal.events.BuildManager.basicBuildLoop(BuildManager.java:506)
	at org.eclipse.core.internal.events.BuildManager.basicBuildLoop(BuildManager.java:454)
	at org.eclipse.core.internal.events.BuildManager.build(BuildManager.java:536)
	at org.eclipse.core.internal.events.AutoBuildJob.doBuild(AutoBuildJob.java:161)
	at org.eclipse.core.internal.events.AutoBuildJob.run(AutoBuildJob.java:255)
	at org.eclipse.core.internal.jobs.Worker.run(Worker.java:63)
Caused by: org.apache.maven.model.io.ModelParseException: Duplicated tag: 'dependencyManagement' (position: START_TAG seen ...</dependencies>\n\t<dependencyManagement>... @78:24) 
	at org.apache.maven.model.io.DefaultModelReader.read(DefaultModelReader.java:117)
	at org.apache.maven.model.io.DefaultModelReader.read(DefaultModelReader.java:85)
	at org.eclipse.m2e.core.internal.IMavenToolbox.readModel(IMavenToolbox.java:228)
	... 24 common frames omitted
Caused by: org.codehaus.plexus.util.xml.pull.XmlPullParserException: Duplicated tag: 'dependencyManagement' (position: START_TAG seen ...</dependencies>\n\t<dependencyManagement>... @78:24) 
	at org.apache.maven.model.io.xpp3.MavenXpp3Reader.checkFieldWithDuplicate(MavenXpp3Reader.java:140)
	at org.apache.maven.model.io.xpp3.MavenXpp3Reader.parseModel(MavenXpp3Reader.java:2227)
	at org.apache.maven.model.io.xpp3.MavenXpp3Reader.read(MavenXpp3Reader.java:3872)
	at org.apache.maven.model.io.xpp3.MavenXpp3Reader.read(MavenXpp3Reader.java:595)
	at org.apache.maven.model.io.DefaultModelReader.read(DefaultModelReader.java:112)
	... 26 common frames omitted
2025-10-08 12:20:24,649 [Worker-27: reload maven project] ERROR o.e.m.c.i.p.r.ProjectRegistryManager - Failed to read Maven project: Some problems were encountered while processing the POMs:
[FATAL] Non-parseable POM E:\ongoing\AllSpring_25Aug25_23Oct25_11to1\budget-tracker\step1\bta-parent\pom.xml: Duplicated tag: 'dependencyManagement' (position: START_TAG seen ...</dependencies>\n\t<dependencyManagement>... @82:24)  @ line 82, column 24

org.apache.maven.project.ProjectBuildingException: Some problems were encountered while processing the POMs:
[FATAL] Non-parseable POM E:\ongoing\AllSpring_25Aug25_23Oct25_11to1\budget-tracker\step1\bta-parent\pom.xml: Duplicated tag: 'dependencyManagement' (position: START_TAG seen ...</dependencies>\n\t<dependencyManagement>... @82:24)  @ line 82, column 24

	at org.eclipse.m2e.core.internal.IMavenToolbox.readMavenProjects(IMavenToolbox.java:129)
	at org.eclipse.m2e.core.internal.project.registry.ProjectRegistryManager.lambda$20(ProjectRegistryManager.java:883)
	at org.eclipse.m2e.core.internal.embedder.MavenExecutionContext.executeBare(MavenExecutionContext.java:364)
	at org.eclipse.m2e.core.internal.embedder.MavenExecutionContext.execute(MavenExecutionContext.java:274)
	at org.eclipse.m2e.core.internal.embedder.MavenExecutionContext.execute(MavenExecutionContext.java:213)
	at org.eclipse.m2e.core.internal.project.registry.ProjectRegistryManager.readProjectsWithDependencies(ProjectRegistryManager.java:879)
	at org.eclipse.m2e.core.internal.project.registry.ProjectRegistryManager.create(ProjectRegistryManager.java:213)
	at org.eclipse.m2e.core.internal.project.registry.MavenProjectManager.create(MavenProjectManager.java:105)
	at org.eclipse.m2e.core.ui.internal.actions.SelectionUtil.getMavenProject(SelectionUtil.java:239)
	at org.eclipse.m2e.editor.pom.MavenPomEditor.readMavenProject(MavenPomEditor.java:707)
	at org.eclipse.m2e.editor.pom.MavenPomEditor$4.run(MavenPomEditor.java:1027)
	at org.eclipse.core.internal.jobs.Worker.run(Worker.java:63)
2025-10-08 12:20:24,752 [Worker-31: Building] ERROR o.e.m.c.i.p.r.ProjectRegistryManager - Could not read pom.xml
org.eclipse.core.runtime.CoreException: Could not read pom.xml
	at org.eclipse.m2e.core.internal.IMavenToolbox.readModel(IMavenToolbox.java:230)
	at org.eclipse.m2e.core.internal.project.registry.ProjectRegistryManager.refreshPhase2(ProjectRegistryManager.java:574)
	at org.eclipse.m2e.core.internal.project.registry.ProjectRegistryManager.refresh(ProjectRegistryManager.java:474)
	at org.eclipse.m2e.core.internal.project.registry.ProjectRegistryManager.refresh(ProjectRegistryManager.java:360)
	at org.eclipse.m2e.core.internal.project.registry.ProjectRegistryManager.refresh(ProjectRegistryManager.java:313)
	at org.eclipse.m2e.core.internal.builder.MavenBuilder$BuildMethod.getProjectFacade(MavenBuilder.java:149)
	at org.eclipse.m2e.core.internal.builder.MavenBuilder$BuildMethod.lambda$0(MavenBuilder.java:87)
	at org.eclipse.m2e.core.internal.embedder.MavenExecutionContext.executeBare(MavenExecutionContext.java:364)
	at org.eclipse.m2e.core.internal.embedder.MavenExecutionContext.execute(MavenExecutionContext.java:274)
	at org.eclipse.m2e.core.internal.embedder.MavenExecutionContext.execute(MavenExecutionContext.java:213)
	at org.eclipse.m2e.core.internal.builder.MavenBuilder$BuildMethod.execute(MavenBuilder.java:86)
	at org.eclipse.m2e.core.internal.builder.MavenBuilder.build(MavenBuilder.java:196)
	at org.eclipse.core.internal.events.BuildManager$2.run(BuildManager.java:1020)
	at org.eclipse.core.runtime.SafeRunner.run(SafeRunner.java:45)
	at org.eclipse.core.internal.events.BuildManager.basicBuild(BuildManager.java:247)
	at org.eclipse.core.internal.events.BuildManager.basicBuild(BuildManager.java:303)
	at org.eclipse.core.internal.events.BuildManager$1.run(BuildManager.java:392)
	at org.eclipse.core.runtime.SafeRunner.run(SafeRunner.java:45)
	at org.eclipse.core.internal.events.BuildManager.basicBuild(BuildManager.java:395)
	at org.eclipse.core.internal.events.BuildManager.basicBuildLoop(BuildManager.java:506)
	at org.eclipse.core.internal.events.BuildManager.basicBuildLoop(BuildManager.java:454)
	at org.eclipse.core.internal.events.BuildManager.build(BuildManager.java:536)
	at org.eclipse.core.internal.events.AutoBuildJob.doBuild(AutoBuildJob.java:161)
	at org.eclipse.core.internal.events.AutoBuildJob.run(AutoBuildJob.java:255)
	at org.eclipse.core.internal.jobs.Worker.run(Worker.java:63)
Caused by: org.apache.maven.model.io.ModelParseException: Duplicated tag: 'dependencyManagement' (position: START_TAG seen ...</dependencies>\n\t<dependencyManagement>... @82:24) 
	at org.apache.maven.model.io.DefaultModelReader.read(DefaultModelReader.java:117)
	at org.apache.maven.model.io.DefaultModelReader.read(DefaultModelReader.java:85)
	at org.eclipse.m2e.core.internal.IMavenToolbox.readModel(IMavenToolbox.java:228)
	... 24 common frames omitted
Caused by: org.codehaus.plexus.util.xml.pull.XmlPullParserException: Duplicated tag: 'dependencyManagement' (position: START_TAG seen ...</dependencies>\n\t<dependencyManagement>... @82:24) 
	at org.apache.maven.model.io.xpp3.MavenXpp3Reader.checkFieldWithDuplicate(MavenXpp3Reader.java:140)
	at org.apache.maven.model.io.xpp3.MavenXpp3Reader.parseModel(MavenXpp3Reader.java:2227)
	at org.apache.maven.model.io.xpp3.MavenXpp3Reader.read(MavenXpp3Reader.java:3872)
	at org.apache.maven.model.io.xpp3.MavenXpp3Reader.read(MavenXpp3Reader.java:595)
	at org.apache.maven.model.io.DefaultModelReader.read(DefaultModelReader.java:112)
	... 26 common frames omitted
2025-10-08 12:24:22,868 [Worker-21: reload maven project] ERROR o.e.m.c.i.p.r.ProjectRegistryManager - Failed to read Maven project: Some problems were encountered while processing the POMs:
[FATAL] Non-parseable POM E:\ongoing\AllSpring_25Aug25_23Oct25_11to1\budget-tracker\step1\bta-parent\pom.xml: Duplicated tag: 'dependencyManagement' (position: START_TAG seen ...</dependencies>\n\t<dependencyManagement>... @103:24)  @ line 103, column 24

org.apache.maven.project.ProjectBuildingException: Some problems were encountered while processing the POMs:
[FATAL] Non-parseable POM E:\ongoing\AllSpring_25Aug25_23Oct25_11to1\budget-tracker\step1\bta-parent\pom.xml: Duplicated tag: 'dependencyManagement' (position: START_TAG seen ...</dependencies>\n\t<dependencyManagement>... @103:24)  @ line 103, column 24

	at org.eclipse.m2e.core.internal.IMavenToolbox.readMavenProjects(IMavenToolbox.java:129)
	at org.eclipse.m2e.core.internal.project.registry.ProjectRegistryManager.lambda$20(ProjectRegistryManager.java:883)
	at org.eclipse.m2e.core.internal.embedder.MavenExecutionContext.executeBare(MavenExecutionContext.java:364)
	at org.eclipse.m2e.core.internal.embedder.MavenExecutionContext.execute(MavenExecutionContext.java:274)
	at org.eclipse.m2e.core.internal.embedder.MavenExecutionContext.execute(MavenExecutionContext.java:213)
	at org.eclipse.m2e.core.internal.project.registry.ProjectRegistryManager.readProjectsWithDependencies(ProjectRegistryManager.java:879)
	at org.eclipse.m2e.core.internal.project.registry.ProjectRegistryManager.create(ProjectRegistryManager.java:213)
	at org.eclipse.m2e.core.internal.project.registry.MavenProjectManager.create(MavenProjectManager.java:105)
	at org.eclipse.m2e.core.ui.internal.actions.SelectionUtil.getMavenProject(SelectionUtil.java:239)
	at org.eclipse.m2e.editor.pom.MavenPomEditor.readMavenProject(MavenPomEditor.java:707)
	at org.eclipse.m2e.editor.pom.MavenPomEditor$4.run(MavenPomEditor.java:1027)
	at org.eclipse.core.internal.jobs.Worker.run(Worker.java:63)
2025-10-08 12:24:22,972 [Worker-30: Building] ERROR o.e.m.c.i.p.r.ProjectRegistryManager - Could not read pom.xml
org.eclipse.core.runtime.CoreException: Could not read pom.xml
	at org.eclipse.m2e.core.internal.IMavenToolbox.readModel(IMavenToolbox.java:230)
	at org.eclipse.m2e.core.internal.project.registry.ProjectRegistryManager.refreshPhase2(ProjectRegistryManager.java:574)
	at org.eclipse.m2e.core.internal.project.registry.ProjectRegistryManager.refresh(ProjectRegistryManager.java:474)
	at org.eclipse.m2e.core.internal.project.registry.ProjectRegistryManager.refresh(ProjectRegistryManager.java:360)
	at org.eclipse.m2e.core.internal.project.registry.ProjectRegistryManager.refresh(ProjectRegistryManager.java:313)
	at org.eclipse.m2e.core.internal.builder.MavenBuilder$BuildMethod.getProjectFacade(MavenBuilder.java:149)
	at org.eclipse.m2e.core.internal.builder.MavenBuilder$BuildMethod.lambda$0(MavenBuilder.java:87)
	at org.eclipse.m2e.core.internal.embedder.MavenExecutionContext.executeBare(MavenExecutionContext.java:364)
	at org.eclipse.m2e.core.internal.embedder.MavenExecutionContext.execute(MavenExecutionContext.java:274)
	at org.eclipse.m2e.core.internal.embedder.MavenExecutionContext.execute(MavenExecutionContext.java:213)
	at org.eclipse.m2e.core.internal.builder.MavenBuilder$BuildMethod.execute(MavenBuilder.java:86)
	at org.eclipse.m2e.core.internal.builder.MavenBuilder.build(MavenBuilder.java:196)
	at org.eclipse.core.internal.events.BuildManager$2.run(BuildManager.java:1020)
	at org.eclipse.core.runtime.SafeRunner.run(SafeRunner.java:45)
	at org.eclipse.core.internal.events.BuildManager.basicBuild(BuildManager.java:247)
	at org.eclipse.core.internal.events.BuildManager.basicBuild(BuildManager.java:303)
	at org.eclipse.core.internal.events.BuildManager$1.run(BuildManager.java:392)
	at org.eclipse.core.runtime.SafeRunner.run(SafeRunner.java:45)
	at org.eclipse.core.internal.events.BuildManager.basicBuild(BuildManager.java:395)
	at org.eclipse.core.internal.events.BuildManager.basicBuildLoop(BuildManager.java:506)
	at org.eclipse.core.internal.events.BuildManager.basicBuildLoop(BuildManager.java:454)
	at org.eclipse.core.internal.events.BuildManager.build(BuildManager.java:536)
	at org.eclipse.core.internal.events.AutoBuildJob.doBuild(AutoBuildJob.java:161)
	at org.eclipse.core.internal.events.AutoBuildJob.run(AutoBuildJob.java:255)
	at org.eclipse.core.internal.jobs.Worker.run(Worker.java:63)
Caused by: org.apache.maven.model.io.ModelParseException: Duplicated tag: 'dependencyManagement' (position: START_TAG seen ...</dependencies>\n\t<dependencyManagement>... @103:24) 
	at org.apache.maven.model.io.DefaultModelReader.read(DefaultModelReader.java:117)
	at org.apache.maven.model.io.DefaultModelReader.read(DefaultModelReader.java:85)
	at org.eclipse.m2e.core.internal.IMavenToolbox.readModel(IMavenToolbox.java:228)
	... 24 common frames omitted
Caused by: org.codehaus.plexus.util.xml.pull.XmlPullParserException: Duplicated tag: 'dependencyManagement' (position: START_TAG seen ...</dependencies>\n\t<dependencyManagement>... @103:24) 
	at org.apache.maven.model.io.xpp3.MavenXpp3Reader.checkFieldWithDuplicate(MavenXpp3Reader.java:140)
	at org.apache.maven.model.io.xpp3.MavenXpp3Reader.parseModel(MavenXpp3Reader.java:2227)
	at org.apache.maven.model.io.xpp3.MavenXpp3Reader.read(MavenXpp3Reader.java:3872)
	at org.apache.maven.model.io.xpp3.MavenXpp3Reader.read(MavenXpp3Reader.java:595)
	at org.apache.maven.model.io.DefaultModelReader.read(DefaultModelReader.java:112)
	... 26 common frames omitted
2025-10-08 12:27:55,588 [Worker-32: Building] INFO  o.e.m.c.i.l.LifecycleMappingFactory - Using NULL lifecycle mapping for MavenProject: com.bta:bta-parent:0.0.1-SNAPSHOT @ E:\ongoing\AllSpring_25Aug25_23Oct25_11to1\budget-tracker\step1\bta-parent\pom.xml.
2025-10-08 12:27:55,718 [Worker-29: reload maven project] INFO  o.e.m.c.i.e.AbstractTransferListenerAdapter - Downloaded https://repo.maven.apache.org/maven2/io/github/resilience4j/resilience4j-ratelimiter/2.2.0/resilience4j-ratelimiter-2.2.0.pom
2025-10-08 12:27:55,830 [Worker-29: reload maven project] INFO  o.e.m.c.i.e.AbstractTransferListenerAdapter - Downloaded https://repo.maven.apache.org/maven2/io/github/resilience4j/resilience4j-retry/2.2.0/resilience4j-retry-2.2.0.pom
2025-10-08 12:27:55,879 [Worker-32: Building] INFO  o.e.m.c.i.e.AbstractTransferListenerAdapter - Downloaded https://repo.maven.apache.org/maven2/io/github/resilience4j/resilience4j-retry/2.2.0/resilience4j-retry-2.2.0.pom
2025-10-08 12:27:55,938 [Worker-29: reload maven project] INFO  o.e.m.c.i.e.AbstractTransferListenerAdapter - Downloaded https://repo.maven.apache.org/maven2/io/github/resilience4j/resilience4j-bulkhead/2.2.0/resilience4j-bulkhead-2.2.0.pom
2025-10-08 12:27:55,972 [Worker-32: Building] INFO  o.e.m.c.i.e.AbstractTransferListenerAdapter - Downloaded https://repo.maven.apache.org/maven2/io/github/resilience4j/resilience4j-bulkhead/2.2.0/resilience4j-bulkhead-2.2.0.pom
2025-10-08 12:27:56,072 [Worker-32: Building] INFO  o.e.m.c.i.e.AbstractTransferListenerAdapter - Downloaded https://repo.maven.apache.org/maven2/io/github/resilience4j/resilience4j-timelimiter/2.2.0/resilience4j-timelimiter-2.2.0.pom
2025-10-08 12:27:56,074 [Worker-29: reload maven project] INFO  o.e.m.c.i.e.AbstractTransferListenerAdapter - Downloaded https://repo.maven.apache.org/maven2/io/github/resilience4j/resilience4j-timelimiter/2.2.0/resilience4j-timelimiter-2.2.0.pom
2025-10-08 12:27:56,173 [Worker-32: Building] INFO  o.e.m.c.i.e.AbstractTransferListenerAdapter - Downloaded https://repo.maven.apache.org/maven2/io/github/resilience4j/resilience4j-micrometer/2.2.0/resilience4j-micrometer-2.2.0.pom
2025-10-08 12:27:56,210 [Worker-29: reload maven project] INFO  o.e.m.c.i.e.AbstractTransferListenerAdapter - Downloaded https://repo.maven.apache.org/maven2/io/github/resilience4j/resilience4j-micrometer/2.2.0/resilience4j-micrometer-2.2.0.pom
2025-10-08 12:27:56,236 [AetherRepositoryConnector-repo.maven.apache.org-1-0] INFO  o.e.m.c.i.e.AbstractTransferListenerAdapter - Downloading https://repo.maven.apache.org/maven2/io/micrometer/micrometer-tracing-bridge-brave/1.5.4/micrometer-tracing-bridge-brave-1.5.4.jar
2025-10-08 12:27:56,279 [AetherRepositoryConnector-repo.maven.apache.org-2-0] INFO  o.e.m.c.i.e.AbstractTransferListenerAdapter - Downloading https://repo.maven.apache.org/maven2/io/micrometer/micrometer-tracing-bridge-brave/1.5.4/micrometer-tracing-bridge-brave-1.5.4.jar
2025-10-08 12:27:56,282 [AetherRepositoryConnector-repo.maven.apache.org-1-1] INFO  o.e.m.c.i.e.AbstractTransferListenerAdapter - Downloading https://repo.maven.apache.org/maven2/io/micrometer/micrometer-tracing/1.5.4/micrometer-tracing-1.5.4.jar
2025-10-08 12:27:56,298 [AetherRepositoryConnector-repo.maven.apache.org-2-2] INFO  o.e.m.c.i.e.AbstractTransferListenerAdapter - Downloading https://repo.maven.apache.org/maven2/io/micrometer/context-propagation/1.1.3/context-propagation-1.1.3.jar
2025-10-08 12:27:56,308 [AetherRepositoryConnector-repo.maven.apache.org-2-1] INFO  o.e.m.c.i.e.AbstractTransferListenerAdapter - Downloading https://repo.maven.apache.org/maven2/io/micrometer/micrometer-tracing/1.5.4/micrometer-tracing-1.5.4.jar
2025-10-08 12:27:56,310 [AetherRepositoryConnector-repo.maven.apache.org-2-4] INFO  o.e.m.c.i.e.AbstractTransferListenerAdapter - Downloading https://repo.maven.apache.org/maven2/io/zipkin/brave/brave-context-slf4j/6.1.0/brave-context-slf4j-6.1.0.jar
2025-10-08 12:27:56,318 [AetherRepositoryConnector-repo.maven.apache.org-1-4] INFO  o.e.m.c.i.e.AbstractTransferListenerAdapter - Downloading https://repo.maven.apache.org/maven2/io/zipkin/brave/brave-context-slf4j/6.1.0/brave-context-slf4j-6.1.0.jar
2025-10-08 12:27:56,318 [AetherRepositoryConnector-repo.maven.apache.org-1-2] INFO  o.e.m.c.i.e.AbstractTransferListenerAdapter - Downloading https://repo.maven.apache.org/maven2/io/micrometer/context-propagation/1.1.3/context-propagation-1.1.3.jar
2025-10-08 12:27:56,318 [AetherRepositoryConnector-repo.maven.apache.org-1-3] INFO  o.e.m.c.i.e.AbstractTransferListenerAdapter - Downloading https://repo.maven.apache.org/maven2/io/zipkin/brave/brave/6.1.0/brave-6.1.0.jar
2025-10-08 12:27:56,326 [AetherRepositoryConnector-repo.maven.apache.org-2-3] INFO  o.e.m.c.i.e.AbstractTransferListenerAdapter - Downloading https://repo.maven.apache.org/maven2/io/zipkin/brave/brave/6.1.0/brave-6.1.0.jar
2025-10-08 12:27:56,342 [AetherRepositoryConnector-repo.maven.apache.org-1-0] INFO  o.e.m.c.i.e.AbstractTransferListenerAdapter - Downloaded https://repo.maven.apache.org/maven2/io/micrometer/micrometer-tracing-bridge-brave/1.5.4/micrometer-tracing-bridge-brave-1.5.4.jar
2025-10-08 12:27:56,368 [AetherRepositoryConnector-repo.maven.apache.org-2-0] INFO  o.e.m.c.i.e.AbstractTransferListenerAdapter - Downloaded https://repo.maven.apache.org/maven2/io/micrometer/micrometer-tracing-bridge-brave/1.5.4/micrometer-tracing-bridge-brave-1.5.4.jar
2025-10-08 12:27:56,383 [AetherRepositoryConnector-repo.maven.apache.org-2-2] INFO  o.e.m.c.i.e.AbstractTransferListenerAdapter - Downloaded https://repo.maven.apache.org/maven2/io/micrometer/context-propagation/1.1.3/context-propagation-1.1.3.jar
2025-10-08 12:27:56,384 [AetherRepositoryConnector-repo.maven.apache.org-1-1] INFO  o.e.m.c.i.e.AbstractTransferListenerAdapter - Downloaded https://repo.maven.apache.org/maven2/io/micrometer/micrometer-tracing/1.5.4/micrometer-tracing-1.5.4.jar
2025-10-08 12:27:56,390 [AetherRepositoryConnector-repo.maven.apache.org-1-2] INFO  o.e.m.c.i.e.AbstractTransferListenerAdapter - Downloaded https://repo.maven.apache.org/maven2/io/micrometer/context-propagation/1.1.3/context-propagation-1.1.3.jar
2025-10-08 12:27:56,394 [AetherRepositoryConnector-repo.maven.apache.org-1-4] INFO  o.e.m.c.i.e.AbstractTransferListenerAdapter - Downloaded https://repo.maven.apache.org/maven2/io/zipkin/brave/brave-context-slf4j/6.1.0/brave-context-slf4j-6.1.0.jar
2025-10-08 12:27:56,416 [AetherRepositoryConnector-repo.maven.apache.org-1-0] INFO  o.e.m.c.i.e.AbstractTransferListenerAdapter - Downloading https://repo.maven.apache.org/maven2/io/zipkin/brave/brave-instrumentation-http/6.1.0/brave-instrumentation-http-6.1.0.jar
2025-10-08 12:27:56,418 [AetherRepositoryConnector-repo.maven.apache.org-2-4] INFO  o.e.m.c.i.e.AbstractTransferListenerAdapter - Downloaded https://repo.maven.apache.org/maven2/io/zipkin/brave/brave-context-slf4j/6.1.0/brave-context-slf4j-6.1.0.jar
2025-10-08 12:27:56,433 [AetherRepositoryConnector-repo.maven.apache.org-1-1] INFO  o.e.m.c.i.e.AbstractTransferListenerAdapter - Downloading https://repo.maven.apache.org/maven2/io/zipkin/aws/brave-propagation-aws/1.3.0/brave-propagation-aws-1.3.0.jar
2025-10-08 12:27:56,437 [AetherRepositoryConnector-repo.maven.apache.org-2-0] INFO  o.e.m.c.i.e.AbstractTransferListenerAdapter - Downloading https://repo.maven.apache.org/maven2/io/zipkin/brave/brave-instrumentation-http/6.1.0/brave-instrumentation-http-6.1.0.jar
2025-10-08 12:27:56,437 [AetherRepositoryConnector-repo.maven.apache.org-1-2] INFO  o.e.m.c.i.e.AbstractTransferListenerAdapter - Downloading https://repo.maven.apache.org/maven2/io/zipkin/contrib/brave-propagation-w3c/brave-propagation-tracecontext/0.2.0/brave-propagation-tracecontext-0.2.0.jar
2025-10-08 12:27:56,452 [AetherRepositoryConnector-repo.maven.apache.org-2-1] INFO  o.e.m.c.i.e.AbstractTransferListenerAdapter - Downloaded https://repo.maven.apache.org/maven2/io/micrometer/micrometer-tracing/1.5.4/micrometer-tracing-1.5.4.jar
2025-10-08 12:27:56,468 [AetherRepositoryConnector-repo.maven.apache.org-2-2] INFO  o.e.m.c.i.e.AbstractTransferListenerAdapter - Downloading https://repo.maven.apache.org/maven2/io/zipkin/aws/brave-propagation-aws/1.3.0/brave-propagation-aws-1.3.0.jar
2025-10-08 12:27:56,469 [AetherRepositoryConnector-repo.maven.apache.org-2-3] INFO  o.e.m.c.i.e.AbstractTransferListenerAdapter - Downloaded https://repo.maven.apache.org/maven2/io/zipkin/brave/brave/6.1.0/brave-6.1.0.jar
2025-10-08 12:27:56,476 [AetherRepositoryConnector-repo.maven.apache.org-1-4] INFO  o.e.m.c.i.e.AbstractTransferListenerAdapter - Downloading https://repo.maven.apache.org/maven2/io/zipkin/reporter2/zipkin-reporter-brave/3.5.1/zipkin-reporter-brave-3.5.1.jar
2025-10-08 12:27:56,484 [AetherRepositoryConnector-repo.maven.apache.org-1-0] INFO  o.e.m.c.i.e.AbstractTransferListenerAdapter - Downloaded https://repo.maven.apache.org/maven2/io/zipkin/brave/brave-instrumentation-http/6.1.0/brave-instrumentation-http-6.1.0.jar
2025-10-08 12:27:56,488 [AetherRepositoryConnector-repo.maven.apache.org-2-4] INFO  o.e.m.c.i.e.AbstractTransferListenerAdapter - Downloading https://repo.maven.apache.org/maven2/io/zipkin/contrib/brave-propagation-w3c/brave-propagation-tracecontext/0.2.0/brave-propagation-tracecontext-0.2.0.jar
2025-10-08 12:27:56,500 [AetherRepositoryConnector-repo.maven.apache.org-1-2] INFO  o.e.m.c.i.e.AbstractTransferListenerAdapter - Downloaded https://repo.maven.apache.org/maven2/io/zipkin/contrib/brave-propagation-w3c/brave-propagation-tracecontext/0.2.0/brave-propagation-tracecontext-0.2.0.jar
2025-10-08 12:27:56,508 [AetherRepositoryConnector-repo.maven.apache.org-2-0] INFO  o.e.m.c.i.e.AbstractTransferListenerAdapter - Downloaded https://repo.maven.apache.org/maven2/io/zipkin/brave/brave-instrumentation-http/6.1.0/brave-instrumentation-http-6.1.0.jar
2025-10-08 12:27:56,517 [AetherRepositoryConnector-repo.maven.apache.org-2-1] INFO  o.e.m.c.i.e.AbstractTransferListenerAdapter - Downloading https://repo.maven.apache.org/maven2/io/zipkin/reporter2/zipkin-reporter-brave/3.5.1/zipkin-reporter-brave-3.5.1.jar
2025-10-08 12:27:56,524 [AetherRepositoryConnector-repo.maven.apache.org-1-1] INFO  o.e.m.c.i.e.AbstractTransferListenerAdapter - Downloaded https://repo.maven.apache.org/maven2/io/zipkin/aws/brave-propagation-aws/1.3.0/brave-propagation-aws-1.3.0.jar
2025-10-08 12:27:56,534 [AetherRepositoryConnector-repo.maven.apache.org-1-0] INFO  o.e.m.c.i.e.AbstractTransferListenerAdapter - Downloading https://repo.maven.apache.org/maven2/io/zipkin/reporter2/zipkin-reporter/3.5.1/zipkin-reporter-3.5.1.jar
2025-10-08 12:27:56,543 [AetherRepositoryConnector-repo.maven.apache.org-2-3] INFO  o.e.m.c.i.e.AbstractTransferListenerAdapter - Downloading https://repo.maven.apache.org/maven2/io/zipkin/reporter2/zipkin-reporter/3.5.1/zipkin-reporter-3.5.1.jar
2025-10-08 12:27:56,555 [AetherRepositoryConnector-repo.maven.apache.org-2-2] INFO  o.e.m.c.i.e.AbstractTransferListenerAdapter - Downloaded https://repo.maven.apache.org/maven2/io/zipkin/aws/brave-propagation-aws/1.3.0/brave-propagation-aws-1.3.0.jar
2025-10-08 12:27:56,561 [AetherRepositoryConnector-repo.maven.apache.org-2-4] INFO  o.e.m.c.i.e.AbstractTransferListenerAdapter - Downloaded https://repo.maven.apache.org/maven2/io/zipkin/contrib/brave-propagation-w3c/brave-propagation-tracecontext/0.2.0/brave-propagation-tracecontext-0.2.0.jar
2025-10-08 12:27:56,571 [AetherRepositoryConnector-repo.maven.apache.org-2-0] INFO  o.e.m.c.i.e.AbstractTransferListenerAdapter - Downloading https://repo.maven.apache.org/maven2/io/github/resilience4j/resilience4j-spring-boot3/2.2.0/resilience4j-spring-boot3-2.2.0.jar
2025-10-08 12:27:56,571 [AetherRepositoryConnector-repo.maven.apache.org-1-4] INFO  o.e.m.c.i.e.AbstractTransferListenerAdapter - Downloaded https://repo.maven.apache.org/maven2/io/zipkin/reporter2/zipkin-reporter-brave/3.5.1/zipkin-reporter-brave-3.5.1.jar
2025-10-08 12:27:56,575 [AetherRepositoryConnector-repo.maven.apache.org-1-3] INFO  o.e.m.c.i.e.AbstractTransferListenerAdapter - Downloaded https://repo.maven.apache.org/maven2/io/zipkin/brave/brave/6.1.0/brave-6.1.0.jar
2025-10-08 12:27:56,578 [AetherRepositoryConnector-repo.maven.apache.org-1-2] INFO  o.e.m.c.i.e.AbstractTransferListenerAdapter - Downloading https://repo.maven.apache.org/maven2/io/github/resilience4j/resilience4j-spring-boot3/2.2.0/resilience4j-spring-boot3-2.2.0.jar
2025-10-08 12:27:56,584 [AetherRepositoryConnector-repo.maven.apache.org-1-1] INFO  o.e.m.c.i.e.AbstractTransferListenerAdapter - Downloading https://repo.maven.apache.org/maven2/io/github/resilience4j/resilience4j-spring6/2.2.0/resilience4j-spring6-2.2.0.jar
2025-10-08 12:27:56,622 [AetherRepositoryConnector-repo.maven.apache.org-1-3] INFO  o.e.m.c.i.e.AbstractTransferListenerAdapter - Downloading https://repo.maven.apache.org/maven2/io/github/resilience4j/resilience4j-consumer/2.2.0/resilience4j-consumer-2.2.0.jar
2025-10-08 12:27:56,633 [AetherRepositoryConnector-repo.maven.apache.org-1-4] INFO  o.e.m.c.i.e.AbstractTransferListenerAdapter - Downloading https://repo.maven.apache.org/maven2/io/github/resilience4j/resilience4j-annotations/2.2.0/resilience4j-annotations-2.2.0.jar
2025-10-08 12:27:56,633 [AetherRepositoryConnector-repo.maven.apache.org-1-0] INFO  o.e.m.c.i.e.AbstractTransferListenerAdapter - Downloaded https://repo.maven.apache.org/maven2/io/zipkin/reporter2/zipkin-reporter/3.5.1/zipkin-reporter-3.5.1.jar
2025-10-08 12:27:56,635 [AetherRepositoryConnector-repo.maven.apache.org-2-2] INFO  o.e.m.c.i.e.AbstractTransferListenerAdapter - Downloading https://repo.maven.apache.org/maven2/io/github/resilience4j/resilience4j-spring6/2.2.0/resilience4j-spring6-2.2.0.jar
2025-10-08 12:27:56,649 [AetherRepositoryConnector-repo.maven.apache.org-2-1] INFO  o.e.m.c.i.e.AbstractTransferListenerAdapter - Downloaded https://repo.maven.apache.org/maven2/io/zipkin/reporter2/zipkin-reporter-brave/3.5.1/zipkin-reporter-brave-3.5.1.jar
2025-10-08 12:27:56,663 [AetherRepositoryConnector-repo.maven.apache.org-2-4] INFO  o.e.m.c.i.e.AbstractTransferListenerAdapter - Downloading https://repo.maven.apache.org/maven2/io/github/resilience4j/resilience4j-annotations/2.2.0/resilience4j-annotations-2.2.0.jar
2025-10-08 12:27:56,673 [AetherRepositoryConnector-repo.maven.apache.org-1-2] INFO  o.e.m.c.i.e.AbstractTransferListenerAdapter - Downloaded https://repo.maven.apache.org/maven2/io/github/resilience4j/resilience4j-spring-boot3/2.2.0/resilience4j-spring-boot3-2.2.0.jar
2025-10-08 12:27:56,678 [AetherRepositoryConnector-repo.maven.apache.org-2-3] INFO  o.e.m.c.i.e.AbstractTransferListenerAdapter - Downloaded https://repo.maven.apache.org/maven2/io/zipkin/reporter2/zipkin-reporter/3.5.1/zipkin-reporter-3.5.1.jar
2025-10-08 12:27:56,685 [AetherRepositoryConnector-repo.maven.apache.org-1-0] INFO  o.e.m.c.i.e.AbstractTransferListenerAdapter - Downloading https://repo.maven.apache.org/maven2/io/github/resilience4j/resilience4j-core/2.2.0/resilience4j-core-2.2.0.jar
2025-10-08 12:27:56,686 [AetherRepositoryConnector-repo.maven.apache.org-1-3] INFO  o.e.m.c.i.e.AbstractTransferListenerAdapter - Downloaded https://repo.maven.apache.org/maven2/io/github/resilience4j/resilience4j-consumer/2.2.0/resilience4j-consumer-2.2.0.jar
2025-10-08 12:27:56,690 [AetherRepositoryConnector-repo.maven.apache.org-1-1] INFO  o.e.m.c.i.e.AbstractTransferListenerAdapter - Downloaded https://repo.maven.apache.org/maven2/io/github/resilience4j/resilience4j-spring6/2.2.0/resilience4j-spring6-2.2.0.jar
2025-10-08 12:27:56,712 [AetherRepositoryConnector-repo.maven.apache.org-1-4] INFO  o.e.m.c.i.e.AbstractTransferListenerAdapter - Downloaded https://repo.maven.apache.org/maven2/io/github/resilience4j/resilience4j-annotations/2.2.0/resilience4j-annotations-2.2.0.jar
2025-10-08 12:27:56,713 [AetherRepositoryConnector-repo.maven.apache.org-2-0] INFO  o.e.m.c.i.e.AbstractTransferListenerAdapter - Downloaded https://repo.maven.apache.org/maven2/io/github/resilience4j/resilience4j-spring-boot3/2.2.0/resilience4j-spring-boot3-2.2.0.jar
2025-10-08 12:27:56,715 [AetherRepositoryConnector-repo.maven.apache.org-2-1] INFO  o.e.m.c.i.e.AbstractTransferListenerAdapter - Downloading https://repo.maven.apache.org/maven2/io/github/resilience4j/resilience4j-consumer/2.2.0/resilience4j-consumer-2.2.0.jar
2025-10-08 12:27:56,735 [AetherRepositoryConnector-repo.maven.apache.org-1-3] INFO  o.e.m.c.i.e.AbstractTransferListenerAdapter - Downloading https://repo.maven.apache.org/maven2/io/github/resilience4j/resilience4j-framework-common/2.2.0/resilience4j-framework-common-2.2.0.jar
2025-10-08 12:27:56,743 [AetherRepositoryConnector-repo.maven.apache.org-1-2] INFO  o.e.m.c.i.e.AbstractTransferListenerAdapter - Downloading https://repo.maven.apache.org/maven2/io/github/resilience4j/resilience4j-circularbuffer/2.2.0/resilience4j-circularbuffer-2.2.0.jar
2025-10-08 12:27:56,746 [AetherRepositoryConnector-repo.maven.apache.org-2-2] INFO  o.e.m.c.i.e.AbstractTransferListenerAdapter - Downloaded https://repo.maven.apache.org/maven2/io/github/resilience4j/resilience4j-spring6/2.2.0/resilience4j-spring6-2.2.0.jar
2025-10-08 12:27:56,746 [AetherRepositoryConnector-repo.maven.apache.org-2-4] INFO  o.e.m.c.i.e.AbstractTransferListenerAdapter - Downloaded https://repo.maven.apache.org/maven2/io/github/resilience4j/resilience4j-annotations/2.2.0/resilience4j-annotations-2.2.0.jar
2025-10-08 12:27:56,754 [AetherRepositoryConnector-repo.maven.apache.org-1-1] INFO  o.e.m.c.i.e.AbstractTransferListenerAdapter - Downloading https://repo.maven.apache.org/maven2/io/github/resilience4j/resilience4j-micrometer/2.2.0/resilience4j-micrometer-2.2.0.jar
2025-10-08 12:27:56,760 [AetherRepositoryConnector-repo.maven.apache.org-2-3] INFO  o.e.m.c.i.e.AbstractTransferListenerAdapter - Downloading https://repo.maven.apache.org/maven2/io/github/resilience4j/resilience4j-core/2.2.0/resilience4j-core-2.2.0.jar
2025-10-08 12:27:56,765 [AetherRepositoryConnector-repo.maven.apache.org-2-0] INFO  o.e.m.c.i.e.AbstractTransferListenerAdapter - Downloading https://repo.maven.apache.org/maven2/io/github/resilience4j/resilience4j-circularbuffer/2.2.0/resilience4j-circularbuffer-2.2.0.jar
2025-10-08 12:27:56,766 [AetherRepositoryConnector-repo.maven.apache.org-1-0] INFO  o.e.m.c.i.e.AbstractTransferListenerAdapter - Downloaded https://repo.maven.apache.org/maven2/io/github/resilience4j/resilience4j-core/2.2.0/resilience4j-core-2.2.0.jar
2025-10-08 12:27:56,790 [AetherRepositoryConnector-repo.maven.apache.org-1-4] INFO  o.e.m.c.i.e.AbstractTransferListenerAdapter - Downloading https://repo.maven.apache.org/maven2/io/github/resilience4j/resilience4j-bulkhead/2.2.0/resilience4j-bulkhead-2.2.0.jar
2025-10-08 12:27:56,794 [AetherRepositoryConnector-repo.maven.apache.org-2-1] INFO  o.e.m.c.i.e.AbstractTransferListenerAdapter - Downloaded https://repo.maven.apache.org/maven2/io/github/resilience4j/resilience4j-consumer/2.2.0/resilience4j-consumer-2.2.0.jar
2025-10-08 12:27:56,805 [AetherRepositoryConnector-repo.maven.apache.org-1-2] INFO  o.e.m.c.i.e.AbstractTransferListenerAdapter - Downloaded https://repo.maven.apache.org/maven2/io/github/resilience4j/resilience4j-circularbuffer/2.2.0/resilience4j-circularbuffer-2.2.0.jar
2025-10-08 12:27:56,806 [AetherRepositoryConnector-repo.maven.apache.org-1-3] INFO  o.e.m.c.i.e.AbstractTransferListenerAdapter - Downloaded https://repo.maven.apache.org/maven2/io/github/resilience4j/resilience4j-framework-common/2.2.0/resilience4j-framework-common-2.2.0.jar
2025-10-08 12:27:56,815 [AetherRepositoryConnector-repo.maven.apache.org-2-2] INFO  o.e.m.c.i.e.AbstractTransferListenerAdapter - Downloading https://repo.maven.apache.org/maven2/io/github/resilience4j/resilience4j-framework-common/2.2.0/resilience4j-framework-common-2.2.0.jar
2025-10-08 12:27:56,822 [AetherRepositoryConnector-repo.maven.apache.org-2-4] INFO  o.e.m.c.i.e.AbstractTransferListenerAdapter - Downloading https://repo.maven.apache.org/maven2/io/github/resilience4j/resilience4j-micrometer/2.2.0/resilience4j-micrometer-2.2.0.jar
2025-10-08 12:27:56,839 [AetherRepositoryConnector-repo.maven.apache.org-1-1] INFO  o.e.m.c.i.e.AbstractTransferListenerAdapter - Downloaded https://repo.maven.apache.org/maven2/io/github/resilience4j/resilience4j-micrometer/2.2.0/resilience4j-micrometer-2.2.0.jar
2025-10-08 12:27:56,843 [AetherRepositoryConnector-repo.maven.apache.org-2-0] INFO  o.e.m.c.i.e.AbstractTransferListenerAdapter - Downloaded https://repo.maven.apache.org/maven2/io/github/resilience4j/resilience4j-circularbuffer/2.2.0/resilience4j-circularbuffer-2.2.0.jar
2025-10-08 12:27:56,845 [AetherRepositoryConnector-repo.maven.apache.org-1-0] INFO  o.e.m.c.i.e.AbstractTransferListenerAdapter - Downloading https://repo.maven.apache.org/maven2/io/github/resilience4j/resilience4j-circuitbreaker/2.2.0/resilience4j-circuitbreaker-2.2.0.jar
2025-10-08 12:27:56,847 [AetherRepositoryConnector-repo.maven.apache.org-2-3] INFO  o.e.m.c.i.e.AbstractTransferListenerAdapter - Downloaded https://repo.maven.apache.org/maven2/io/github/resilience4j/resilience4j-core/2.2.0/resilience4j-core-2.2.0.jar
2025-10-08 12:27:56,852 [AetherRepositoryConnector-repo.maven.apache.org-1-4] INFO  o.e.m.c.i.e.AbstractTransferListenerAdapter - Downloaded https://repo.maven.apache.org/maven2/io/github/resilience4j/resilience4j-bulkhead/2.2.0/resilience4j-bulkhead-2.2.0.jar
2025-10-08 12:27:56,866 [AetherRepositoryConnector-repo.maven.apache.org-1-3] INFO  o.e.m.c.i.e.AbstractTransferListenerAdapter - Downloading https://repo.maven.apache.org/maven2/io/github/resilience4j/resilience4j-ratelimiter/2.2.0/resilience4j-ratelimiter-2.2.0.jar
2025-10-08 12:27:56,877 [AetherRepositoryConnector-repo.maven.apache.org-1-2] INFO  o.e.m.c.i.e.AbstractTransferListenerAdapter - Downloading https://repo.maven.apache.org/maven2/io/github/resilience4j/resilience4j-retry/2.2.0/resilience4j-retry-2.2.0.jar
2025-10-08 12:27:56,884 [AetherRepositoryConnector-repo.maven.apache.org-2-1] INFO  o.e.m.c.i.e.AbstractTransferListenerAdapter - Downloading https://repo.maven.apache.org/maven2/io/github/resilience4j/resilience4j-bulkhead/2.2.0/resilience4j-bulkhead-2.2.0.jar
2025-10-08 12:27:56,900 [AetherRepositoryConnector-repo.maven.apache.org-1-1] INFO  o.e.m.c.i.e.AbstractTransferListenerAdapter - Downloading https://repo.maven.apache.org/maven2/io/github/resilience4j/resilience4j-timelimiter/2.2.0/resilience4j-timelimiter-2.2.0.jar
2025-10-08 12:27:56,904 [AetherRepositoryConnector-repo.maven.apache.org-2-0] INFO  o.e.m.c.i.e.AbstractTransferListenerAdapter - Downloading https://repo.maven.apache.org/maven2/io/github/resilience4j/resilience4j-circuitbreaker/2.2.0/resilience4j-circuitbreaker-2.2.0.jar
2025-10-08 12:27:56,917 [AetherRepositoryConnector-repo.maven.apache.org-2-3] INFO  o.e.m.c.i.e.AbstractTransferListenerAdapter - Downloading https://repo.maven.apache.org/maven2/io/github/resilience4j/resilience4j-retry/2.2.0/resilience4j-retry-2.2.0.jar
2025-10-08 12:27:56,918 [AetherRepositoryConnector-repo.maven.apache.org-2-2] INFO  o.e.m.c.i.e.AbstractTransferListenerAdapter - Downloaded https://repo.maven.apache.org/maven2/io/github/resilience4j/resilience4j-framework-common/2.2.0/resilience4j-framework-common-2.2.0.jar
2025-10-08 12:27:56,923 [AetherRepositoryConnector-repo.maven.apache.org-2-4] INFO  o.e.m.c.i.e.AbstractTransferListenerAdapter - Downloaded https://repo.maven.apache.org/maven2/io/github/resilience4j/resilience4j-micrometer/2.2.0/resilience4j-micrometer-2.2.0.jar
2025-10-08 12:27:56,924 [AetherRepositoryConnector-repo.maven.apache.org-1-0] INFO  o.e.m.c.i.e.AbstractTransferListenerAdapter - Downloaded https://repo.maven.apache.org/maven2/io/github/resilience4j/resilience4j-circuitbreaker/2.2.0/resilience4j-circuitbreaker-2.2.0.jar
2025-10-08 12:27:56,925 [AetherRepositoryConnector-repo.maven.apache.org-1-3] INFO  o.e.m.c.i.e.AbstractTransferListenerAdapter - Downloaded https://repo.maven.apache.org/maven2/io/github/resilience4j/resilience4j-ratelimiter/2.2.0/resilience4j-ratelimiter-2.2.0.jar
2025-10-08 12:27:56,952 [AetherRepositoryConnector-repo.maven.apache.org-1-2] INFO  o.e.m.c.i.e.AbstractTransferListenerAdapter - Downloaded https://repo.maven.apache.org/maven2/io/github/resilience4j/resilience4j-retry/2.2.0/resilience4j-retry-2.2.0.jar
2025-10-08 12:27:56,971 [AetherRepositoryConnector-repo.maven.apache.org-2-0] INFO  o.e.m.c.i.e.AbstractTransferListenerAdapter - Downloaded https://repo.maven.apache.org/maven2/io/github/resilience4j/resilience4j-circuitbreaker/2.2.0/resilience4j-circuitbreaker-2.2.0.jar
2025-10-08 12:27:56,975 [AetherRepositoryConnector-repo.maven.apache.org-2-1] INFO  o.e.m.c.i.e.AbstractTransferListenerAdapter - Downloaded https://repo.maven.apache.org/maven2/io/github/resilience4j/resilience4j-bulkhead/2.2.0/resilience4j-bulkhead-2.2.0.jar
2025-10-08 12:27:56,986 [AetherRepositoryConnector-repo.maven.apache.org-2-2] INFO  o.e.m.c.i.e.AbstractTransferListenerAdapter - Downloading https://repo.maven.apache.org/maven2/io/github/resilience4j/resilience4j-ratelimiter/2.2.0/resilience4j-ratelimiter-2.2.0.jar
2025-10-08 12:27:56,993 [AetherRepositoryConnector-repo.maven.apache.org-1-1] INFO  o.e.m.c.i.e.AbstractTransferListenerAdapter - Downloaded https://repo.maven.apache.org/maven2/io/github/resilience4j/resilience4j-timelimiter/2.2.0/resilience4j-timelimiter-2.2.0.jar
2025-10-08 12:27:57,010 [AetherRepositoryConnector-repo.maven.apache.org-2-3] INFO  o.e.m.c.i.e.AbstractTransferListenerAdapter - Downloaded https://repo.maven.apache.org/maven2/io/github/resilience4j/resilience4j-retry/2.2.0/resilience4j-retry-2.2.0.jar
2025-10-08 12:27:57,016 [AetherRepositoryConnector-repo.maven.apache.org-2-4] INFO  o.e.m.c.i.e.AbstractTransferListenerAdapter - Downloading https://repo.maven.apache.org/maven2/io/github/resilience4j/resilience4j-timelimiter/2.2.0/resilience4j-timelimiter-2.2.0.jar
2025-10-08 12:27:57,053 [AetherRepositoryConnector-repo.maven.apache.org-2-2] INFO  o.e.m.c.i.e.AbstractTransferListenerAdapter - Downloaded https://repo.maven.apache.org/maven2/io/github/resilience4j/resilience4j-ratelimiter/2.2.0/resilience4j-ratelimiter-2.2.0.jar
2025-10-08 12:27:57,102 [AetherRepositoryConnector-repo.maven.apache.org-2-4] INFO  o.e.m.c.i.e.AbstractTransferListenerAdapter - Downloaded https://repo.maven.apache.org/maven2/io/github/resilience4j/resilience4j-timelimiter/2.2.0/resilience4j-timelimiter-2.2.0.jar
2025-10-08 12:27:58,218 [Worker-21: Download sources and javadoc] INFO  o.e.m.c.i.e.AbstractTransferListenerAdapter - Downloading https://repo.maven.apache.org/maven2/io/micrometer/micrometer-tracing-bridge-brave/1.5.4/micrometer-tracing-bridge-brave-1.5.4-sources.jar
2025-10-08 12:27:58,294 [Worker-21: Download sources and javadoc] INFO  o.e.m.c.i.e.AbstractTransferListenerAdapter - Downloaded https://repo.maven.apache.org/maven2/io/micrometer/micrometer-tracing-bridge-brave/1.5.4/micrometer-tracing-bridge-brave-1.5.4-sources.jar
2025-10-08 12:27:58,295 [Worker-21: Download sources and javadoc] INFO  o.e.m.j.internal.DownloadSourcesJob - Downloaded sources for io.micrometer:micrometer-tracing-bridge-brave:1.5.4
2025-10-08 12:27:58,493 [Worker-21: Download sources and javadoc] INFO  o.e.m.c.i.e.AbstractTransferListenerAdapter - Downloading https://repo.maven.apache.org/maven2/io/micrometer/micrometer-tracing/1.5.4/micrometer-tracing-1.5.4-sources.jar
2025-10-08 12:27:58,593 [Worker-21: Download sources and javadoc] INFO  o.e.m.c.i.e.AbstractTransferListenerAdapter - Downloaded https://repo.maven.apache.org/maven2/io/micrometer/micrometer-tracing/1.5.4/micrometer-tracing-1.5.4-sources.jar
2025-10-08 12:27:58,595 [Worker-21: Download sources and javadoc] INFO  o.e.m.j.internal.DownloadSourcesJob - Downloaded sources for io.micrometer:micrometer-tracing:1.5.4
2025-10-08 12:27:58,764 [Worker-21: Download sources and javadoc] INFO  o.e.m.c.i.e.AbstractTransferListenerAdapter - Downloading https://repo.maven.apache.org/maven2/io/micrometer/context-propagation/1.1.3/context-propagation-1.1.3-sources.jar
2025-10-08 12:27:58,825 [Worker-21: Download sources and javadoc] INFO  o.e.m.c.i.e.AbstractTransferListenerAdapter - Downloaded https://repo.maven.apache.org/maven2/io/micrometer/context-propagation/1.1.3/context-propagation-1.1.3-sources.jar
2025-10-08 12:27:58,826 [Worker-21: Download sources and javadoc] INFO  o.e.m.j.internal.DownloadSourcesJob - Downloaded sources for io.micrometer:context-propagation:1.1.3
2025-10-08 12:27:59,018 [Worker-21: Download sources and javadoc] INFO  o.e.m.c.i.e.AbstractTransferListenerAdapter - Downloading https://repo.maven.apache.org/maven2/aopalliance/aopalliance/1.0/aopalliance-1.0-sources.jar
2025-10-08 12:27:59,082 [Worker-21: Download sources and javadoc] INFO  o.e.m.c.i.e.AbstractTransferListenerAdapter - Downloaded https://repo.maven.apache.org/maven2/aopalliance/aopalliance/1.0/aopalliance-1.0-sources.jar
2025-10-08 12:27:59,083 [Worker-21: Download sources and javadoc] INFO  o.e.m.j.internal.DownloadSourcesJob - Downloaded sources for aopalliance:aopalliance:1.0
2025-10-08 12:27:59,267 [Worker-21: Download sources and javadoc] INFO  o.e.m.c.i.e.AbstractTransferListenerAdapter - Downloading https://repo.maven.apache.org/maven2/io/zipkin/brave/brave/6.1.0/brave-6.1.0-sources.jar
2025-10-08 12:27:59,428 [Worker-21: Download sources and javadoc] INFO  o.e.m.c.i.e.AbstractTransferListenerAdapter - Downloaded https://repo.maven.apache.org/maven2/io/zipkin/brave/brave/6.1.0/brave-6.1.0-sources.jar
2025-10-08 12:27:59,429 [Worker-21: Download sources and javadoc] INFO  o.e.m.j.internal.DownloadSourcesJob - Downloaded sources for io.zipkin.brave:brave:6.1.0
2025-10-08 12:27:59,623 [Worker-21: Download sources and javadoc] INFO  o.e.m.c.i.e.AbstractTransferListenerAdapter - Downloading https://repo.maven.apache.org/maven2/io/zipkin/brave/brave-context-slf4j/6.1.0/brave-context-slf4j-6.1.0-sources.jar
2025-10-08 12:27:59,720 [Worker-21: Download sources and javadoc] INFO  o.e.m.c.i.e.AbstractTransferListenerAdapter - Downloaded https://repo.maven.apache.org/maven2/io/zipkin/brave/brave-context-slf4j/6.1.0/brave-context-slf4j-6.1.0-sources.jar
2025-10-08 12:27:59,720 [Worker-21: Download sources and javadoc] INFO  o.e.m.j.internal.DownloadSourcesJob - Downloaded sources for io.zipkin.brave:brave-context-slf4j:6.1.0
2025-10-08 12:27:59,914 [Worker-21: Download sources and javadoc] INFO  o.e.m.c.i.e.AbstractTransferListenerAdapter - Downloading https://repo.maven.apache.org/maven2/io/zipkin/brave/brave-instrumentation-http/6.1.0/brave-instrumentation-http-6.1.0-sources.jar
2025-10-08 12:27:59,992 [Worker-21: Download sources and javadoc] INFO  o.e.m.c.i.e.AbstractTransferListenerAdapter - Downloaded https://repo.maven.apache.org/maven2/io/zipkin/brave/brave-instrumentation-http/6.1.0/brave-instrumentation-http-6.1.0-sources.jar
2025-10-08 12:27:59,994 [Worker-21: Download sources and javadoc] INFO  o.e.m.j.internal.DownloadSourcesJob - Downloaded sources for io.zipkin.brave:brave-instrumentation-http:6.1.0
2025-10-08 12:28:00,223 [Worker-21: Download sources and javadoc] INFO  o.e.m.c.i.e.AbstractTransferListenerAdapter - Downloading https://repo.maven.apache.org/maven2/io/zipkin/aws/brave-propagation-aws/1.3.0/brave-propagation-aws-1.3.0-sources.jar
2025-10-08 12:28:00,306 [Worker-21: Download sources and javadoc] INFO  o.e.m.c.i.e.AbstractTransferListenerAdapter - Downloaded https://repo.maven.apache.org/maven2/io/zipkin/aws/brave-propagation-aws/1.3.0/brave-propagation-aws-1.3.0-sources.jar
2025-10-08 12:28:00,308 [Worker-21: Download sources and javadoc] INFO  o.e.m.j.internal.DownloadSourcesJob - Downloaded sources for io.zipkin.aws:brave-propagation-aws:1.3.0
2025-10-08 12:28:00,492 [Worker-21: Download sources and javadoc] INFO  o.e.m.c.i.e.AbstractTransferListenerAdapter - Downloading https://repo.maven.apache.org/maven2/io/zipkin/contrib/brave-propagation-w3c/brave-propagation-tracecontext/0.2.0/brave-propagation-tracecontext-0.2.0-sources.jar
2025-10-08 12:28:00,600 [Worker-21: Download sources and javadoc] INFO  o.e.m.c.i.e.AbstractTransferListenerAdapter - Downloaded https://repo.maven.apache.org/maven2/io/zipkin/contrib/brave-propagation-w3c/brave-propagation-tracecontext/0.2.0/brave-propagation-tracecontext-0.2.0-sources.jar
2025-10-08 12:28:00,602 [Worker-21: Download sources and javadoc] INFO  o.e.m.j.internal.DownloadSourcesJob - Downloaded sources for io.zipkin.contrib.brave-propagation-w3c:brave-propagation-tracecontext:0.2.0
2025-10-08 12:28:00,814 [Worker-21: Download sources and javadoc] INFO  o.e.m.c.i.e.AbstractTransferListenerAdapter - Downloading https://repo.maven.apache.org/maven2/io/zipkin/reporter2/zipkin-reporter-brave/3.5.1/zipkin-reporter-brave-3.5.1-sources.jar
2025-10-08 12:28:00,882 [Worker-21: Download sources and javadoc] INFO  o.e.m.c.i.e.AbstractTransferListenerAdapter - Downloaded https://repo.maven.apache.org/maven2/io/zipkin/reporter2/zipkin-reporter-brave/3.5.1/zipkin-reporter-brave-3.5.1-sources.jar
2025-10-08 12:28:00,883 [Worker-21: Download sources and javadoc] INFO  o.e.m.j.internal.DownloadSourcesJob - Downloaded sources for io.zipkin.reporter2:zipkin-reporter-brave:3.5.1
2025-10-08 12:28:01,061 [Worker-21: Download sources and javadoc] INFO  o.e.m.c.i.e.AbstractTransferListenerAdapter - Downloading https://repo.maven.apache.org/maven2/io/zipkin/reporter2/zipkin-reporter/3.5.1/zipkin-reporter-3.5.1-sources.jar
2025-10-08 12:28:01,130 [Worker-21: Download sources and javadoc] INFO  o.e.m.c.i.e.AbstractTransferListenerAdapter - Downloaded https://repo.maven.apache.org/maven2/io/zipkin/reporter2/zipkin-reporter/3.5.1/zipkin-reporter-3.5.1-sources.jar
2025-10-08 12:28:01,131 [Worker-21: Download sources and javadoc] INFO  o.e.m.j.internal.DownloadSourcesJob - Downloaded sources for io.zipkin.reporter2:zipkin-reporter:3.5.1
2025-10-08 12:28:01,300 [Worker-21: Download sources and javadoc] INFO  o.e.m.c.i.e.AbstractTransferListenerAdapter - Downloading https://repo.maven.apache.org/maven2/io/github/resilience4j/resilience4j-spring-boot3/2.2.0/resilience4j-spring-boot3-2.2.0-sources.jar
2025-10-08 12:28:01,408 [Worker-21: Download sources and javadoc] INFO  o.e.m.c.i.e.AbstractTransferListenerAdapter - Downloaded https://repo.maven.apache.org/maven2/io/github/resilience4j/resilience4j-spring-boot3/2.2.0/resilience4j-spring-boot3-2.2.0-sources.jar
2025-10-08 12:28:01,411 [Worker-21: Download sources and javadoc] INFO  o.e.m.j.internal.DownloadSourcesJob - Downloaded sources for io.github.resilience4j:resilience4j-spring-boot3:2.2.0
2025-10-08 12:28:01,568 [Worker-21: Download sources and javadoc] INFO  o.e.m.c.i.e.AbstractTransferListenerAdapter - Downloading https://repo.maven.apache.org/maven2/io/github/resilience4j/resilience4j-spring6/2.2.0/resilience4j-spring6-2.2.0-sources.jar
2025-10-08 12:28:01,682 [Worker-21: Download sources and javadoc] INFO  o.e.m.c.i.e.AbstractTransferListenerAdapter - Downloaded https://repo.maven.apache.org/maven2/io/github/resilience4j/resilience4j-spring6/2.2.0/resilience4j-spring6-2.2.0-sources.jar
2025-10-08 12:28:01,683 [Worker-21: Download sources and javadoc] INFO  o.e.m.j.internal.DownloadSourcesJob - Downloaded sources for io.github.resilience4j:resilience4j-spring6:2.2.0
2025-10-08 12:28:01,855 [Worker-21: Download sources and javadoc] INFO  o.e.m.c.i.e.AbstractTransferListenerAdapter - Downloading https://repo.maven.apache.org/maven2/io/github/resilience4j/resilience4j-annotations/2.2.0/resilience4j-annotations-2.2.0-sources.jar
2025-10-08 12:28:01,960 [Worker-21: Download sources and javadoc] INFO  o.e.m.c.i.e.AbstractTransferListenerAdapter - Downloaded https://repo.maven.apache.org/maven2/io/github/resilience4j/resilience4j-annotations/2.2.0/resilience4j-annotations-2.2.0-sources.jar
2025-10-08 12:28:01,960 [Worker-21: Download sources and javadoc] INFO  o.e.m.j.internal.DownloadSourcesJob - Downloaded sources for io.github.resilience4j:resilience4j-annotations:2.2.0
2025-10-08 12:28:02,162 [Worker-21: Download sources and javadoc] INFO  o.e.m.c.i.e.AbstractTransferListenerAdapter - Downloading https://repo.maven.apache.org/maven2/io/github/resilience4j/resilience4j-consumer/2.2.0/resilience4j-consumer-2.2.0-sources.jar
2025-10-08 12:28:02,228 [Worker-21: Download sources and javadoc] INFO  o.e.m.c.i.e.AbstractTransferListenerAdapter - Downloaded https://repo.maven.apache.org/maven2/io/github/resilience4j/resilience4j-consumer/2.2.0/resilience4j-consumer-2.2.0-sources.jar
2025-10-08 12:28:02,229 [Worker-21: Download sources and javadoc] INFO  o.e.m.j.internal.DownloadSourcesJob - Downloaded sources for io.github.resilience4j:resilience4j-consumer:2.2.0
2025-10-08 12:28:02,430 [Worker-21: Download sources and javadoc] INFO  o.e.m.c.i.e.AbstractTransferListenerAdapter - Downloading https://repo.maven.apache.org/maven2/io/github/resilience4j/resilience4j-core/2.2.0/resilience4j-core-2.2.0-sources.jar
2025-10-08 12:28:02,507 [Worker-21: Download sources and javadoc] INFO  o.e.m.c.i.e.AbstractTransferListenerAdapter - Downloaded https://repo.maven.apache.org/maven2/io/github/resilience4j/resilience4j-core/2.2.0/resilience4j-core-2.2.0-sources.jar
2025-10-08 12:28:02,508 [Worker-21: Download sources and javadoc] INFO  o.e.m.j.internal.DownloadSourcesJob - Downloaded sources for io.github.resilience4j:resilience4j-core:2.2.0
2025-10-08 12:28:02,672 [Worker-21: Download sources and javadoc] INFO  o.e.m.c.i.e.AbstractTransferListenerAdapter - Downloading https://repo.maven.apache.org/maven2/io/github/resilience4j/resilience4j-circularbuffer/2.2.0/resilience4j-circularbuffer-2.2.0-sources.jar
2025-10-08 12:28:02,774 [Worker-21: Download sources and javadoc] INFO  o.e.m.c.i.e.AbstractTransferListenerAdapter - Downloaded https://repo.maven.apache.org/maven2/io/github/resilience4j/resilience4j-circularbuffer/2.2.0/resilience4j-circularbuffer-2.2.0-sources.jar
2025-10-08 12:28:02,775 [Worker-21: Download sources and javadoc] INFO  o.e.m.j.internal.DownloadSourcesJob - Downloaded sources for io.github.resilience4j:resilience4j-circularbuffer:2.2.0
2025-10-08 12:28:02,945 [Worker-21: Download sources and javadoc] INFO  o.e.m.c.i.e.AbstractTransferListenerAdapter - Downloading https://repo.maven.apache.org/maven2/io/github/resilience4j/resilience4j-framework-common/2.2.0/resilience4j-framework-common-2.2.0-sources.jar
2025-10-08 12:28:03,038 [Worker-21: Download sources and javadoc] INFO  o.e.m.c.i.e.AbstractTransferListenerAdapter - Downloaded https://repo.maven.apache.org/maven2/io/github/resilience4j/resilience4j-framework-common/2.2.0/resilience4j-framework-common-2.2.0-sources.jar
2025-10-08 12:28:03,039 [Worker-21: Download sources and javadoc] INFO  o.e.m.j.internal.DownloadSourcesJob - Downloaded sources for io.github.resilience4j:resilience4j-framework-common:2.2.0
2025-10-08 12:28:03,208 [Worker-21: Download sources and javadoc] INFO  o.e.m.c.i.e.AbstractTransferListenerAdapter - Downloading https://repo.maven.apache.org/maven2/io/github/resilience4j/resilience4j-micrometer/2.2.0/resilience4j-micrometer-2.2.0-sources.jar
2025-10-08 12:28:03,290 [Worker-21: Download sources and javadoc] INFO  o.e.m.c.i.e.AbstractTransferListenerAdapter - Downloaded https://repo.maven.apache.org/maven2/io/github/resilience4j/resilience4j-micrometer/2.2.0/resilience4j-micrometer-2.2.0-sources.jar
2025-10-08 12:28:03,292 [Worker-21: Download sources and javadoc] INFO  o.e.m.j.internal.DownloadSourcesJob - Downloaded sources for io.github.resilience4j:resilience4j-micrometer:2.2.0
2025-10-08 12:28:03,461 [Worker-21: Download sources and javadoc] INFO  o.e.m.c.i.e.AbstractTransferListenerAdapter - Downloading https://repo.maven.apache.org/maven2/io/github/resilience4j/resilience4j-bulkhead/2.2.0/resilience4j-bulkhead-2.2.0-sources.jar
2025-10-08 12:28:03,523 [Worker-21: Download sources and javadoc] INFO  o.e.m.c.i.e.AbstractTransferListenerAdapter - Downloaded https://repo.maven.apache.org/maven2/io/github/resilience4j/resilience4j-bulkhead/2.2.0/resilience4j-bulkhead-2.2.0-sources.jar
2025-10-08 12:28:03,525 [Worker-21: Download sources and javadoc] INFO  o.e.m.j.internal.DownloadSourcesJob - Downloaded sources for io.github.resilience4j:resilience4j-bulkhead:2.2.0
2025-10-08 12:28:03,683 [Worker-21: Download sources and javadoc] INFO  o.e.m.c.i.e.AbstractTransferListenerAdapter - Downloading https://repo.maven.apache.org/maven2/io/github/resilience4j/resilience4j-circuitbreaker/2.2.0/resilience4j-circuitbreaker-2.2.0-sources.jar
2025-10-08 12:28:03,791 [Worker-21: Download sources and javadoc] INFO  o.e.m.c.i.e.AbstractTransferListenerAdapter - Downloaded https://repo.maven.apache.org/maven2/io/github/resilience4j/resilience4j-circuitbreaker/2.2.0/resilience4j-circuitbreaker-2.2.0-sources.jar
2025-10-08 12:28:03,792 [Worker-21: Download sources and javadoc] INFO  o.e.m.j.internal.DownloadSourcesJob - Downloaded sources for io.github.resilience4j:resilience4j-circuitbreaker:2.2.0
2025-10-08 12:28:03,974 [Worker-21: Download sources and javadoc] INFO  o.e.m.c.i.e.AbstractTransferListenerAdapter - Downloading https://repo.maven.apache.org/maven2/io/github/resilience4j/resilience4j-retry/2.2.0/resilience4j-retry-2.2.0-sources.jar
2025-10-08 12:28:04,028 [Worker-21: Download sources and javadoc] INFO  o.e.m.c.i.e.AbstractTransferListenerAdapter - Downloaded https://repo.maven.apache.org/maven2/io/github/resilience4j/resilience4j-retry/2.2.0/resilience4j-retry-2.2.0-sources.jar
2025-10-08 12:28:04,030 [Worker-21: Download sources and javadoc] INFO  o.e.m.j.internal.DownloadSourcesJob - Downloaded sources for io.github.resilience4j:resilience4j-retry:2.2.0
2025-10-08 12:28:04,217 [Worker-21: Download sources and javadoc] INFO  o.e.m.c.i.e.AbstractTransferListenerAdapter - Downloading https://repo.maven.apache.org/maven2/io/github/resilience4j/resilience4j-ratelimiter/2.2.0/resilience4j-ratelimiter-2.2.0-sources.jar
2025-10-08 12:28:04,290 [Worker-21: Download sources and javadoc] INFO  o.e.m.c.i.e.AbstractTransferListenerAdapter - Downloaded https://repo.maven.apache.org/maven2/io/github/resilience4j/resilience4j-ratelimiter/2.2.0/resilience4j-ratelimiter-2.2.0-sources.jar
2025-10-08 12:28:04,294 [Worker-21: Download sources and javadoc] INFO  o.e.m.j.internal.DownloadSourcesJob - Downloaded sources for io.github.resilience4j:resilience4j-ratelimiter:2.2.0
2025-10-08 12:28:04,465 [Worker-21: Download sources and javadoc] INFO  o.e.m.c.i.e.AbstractTransferListenerAdapter - Downloading https://repo.maven.apache.org/maven2/io/github/resilience4j/resilience4j-timelimiter/2.2.0/resilience4j-timelimiter-2.2.0-sources.jar
2025-10-08 12:28:04,525 [Worker-21: Download sources and javadoc] INFO  o.e.m.c.i.e.AbstractTransferListenerAdapter - Downloaded https://repo.maven.apache.org/maven2/io/github/resilience4j/resilience4j-timelimiter/2.2.0/resilience4j-timelimiter-2.2.0-sources.jar
2025-10-08 12:28:04,528 [Worker-21: Download sources and javadoc] INFO  o.e.m.j.internal.DownloadSourcesJob - Downloaded sources for io.github.resilience4j:resilience4j-timelimiter:2.2.0
2025-10-08 12:28:47,059 [Worker-32: Building] INFO  o.e.m.c.i.l.LifecycleMappingFactory - Using NULL lifecycle mapping for MavenProject: com.bta:bta-parent:0.0.1-SNAPSHOT @ E:\ongoing\AllSpring_25Aug25_23Oct25_11to1\budget-tracker\step1\bta-parent\pom.xml.
2025-10-08 12:29:17,266 [Worker-32: Building] INFO  o.e.m.c.i.l.LifecycleMappingFactory - Using NULL lifecycle mapping for MavenProject: com.bta:bta-parent:0.0.1-SNAPSHOT @ E:\ongoing\AllSpring_25Aug25_23Oct25_11to1\budget-tracker\step1\bta-parent\pom.xml.
2025-10-08 12:29:33,425 [Worker-36: Building] INFO  o.e.m.c.i.l.LifecycleMappingFactory - Using NULL lifecycle mapping for MavenProject: com.bta:bta-parent:0.0.1-SNAPSHOT @ E:\ongoing\AllSpring_25Aug25_23Oct25_11to1\budget-tracker\step1\bta-parent\pom.xml.
2025-10-08 12:36:52,613 [Worker-36: Import Getting Started Content] INFO  o.e.m.c.i.l.LifecycleMappingFactory - Using org.eclipse.m2e.jdt.JarLifecycleMapping lifecycle mapping for MavenProject: com.bta:bta-accounts-service:0.0.1-SNAPSHOT @ E:\ongoing\AllSpring_25Aug25_23Oct25_11to1\budget-tracker\step1\bta-accounts-service\pom.xml.
2025-10-08 12:36:52,867 [Worker-36: Import Getting Started Content] INFO  o.e.m.c.i.e.AbstractTransferListenerAdapter - Downloaded https://repo.maven.apache.org/maven2/org/springframework/boot/spring-boot-starter-data-jpa/3.5.6/spring-boot-starter-data-jpa-3.5.6.pom
2025-10-08 12:36:53,045 [Worker-36: Import Getting Started Content] INFO  o.e.m.c.i.e.AbstractTransferListenerAdapter - Downloaded https://repo.maven.apache.org/maven2/org/springframework/boot/spring-boot-starter-jdbc/3.5.6/spring-boot-starter-jdbc-3.5.6.pom
2025-10-08 12:36:53,157 [Worker-36: Import Getting Started Content] INFO  o.e.m.c.i.e.AbstractTransferListenerAdapter - Downloaded https://repo.maven.apache.org/maven2/com/zaxxer/HikariCP/6.3.3/HikariCP-6.3.3.pom
2025-10-08 12:36:53,274 [Worker-36: Import Getting Started Content] INFO  o.e.m.c.i.e.AbstractTransferListenerAdapter - Downloaded https://repo.maven.apache.org/maven2/org/springframework/spring-jdbc/6.2.11/spring-jdbc-6.2.11.pom
2025-10-08 12:36:53,389 [Worker-36: Import Getting Started Content] INFO  o.e.m.c.i.e.AbstractTransferListenerAdapter - Downloaded https://repo.maven.apache.org/maven2/org/springframework/spring-tx/6.2.11/spring-tx-6.2.11.pom
2025-10-08 12:36:53,502 [Worker-36: Import Getting Started Content] INFO  o.e.m.c.i.e.AbstractTransferListenerAdapter - Downloaded https://repo.maven.apache.org/maven2/org/hibernate/orm/hibernate-core/6.6.29.Final/hibernate-core-6.6.29.Final.pom
2025-10-08 12:36:53,630 [Worker-36: Import Getting Started Content] INFO  o.e.m.c.i.e.AbstractTransferListenerAdapter - Downloaded https://repo.maven.apache.org/maven2/org/springframework/data/spring-data-jpa/3.5.4/spring-data-jpa-3.5.4.pom
2025-10-08 12:36:53,742 [Worker-36: Import Getting Started Content] INFO  o.e.m.c.i.e.AbstractTransferListenerAdapter - Downloaded https://repo.maven.apache.org/maven2/org/springframework/data/spring-data-jpa-parent/3.5.4/spring-data-jpa-parent-3.5.4.pom
2025-10-08 12:36:53,854 [Worker-36: Import Getting Started Content] INFO  o.e.m.c.i.e.AbstractTransferListenerAdapter - Downloaded https://repo.maven.apache.org/maven2/org/springframework/data/build/spring-data-parent/3.5.4/spring-data-parent-3.5.4.pom
2025-10-08 12:36:53,963 [Worker-36: Import Getting Started Content] INFO  o.e.m.c.i.e.AbstractTransferListenerAdapter - Downloaded https://repo.maven.apache.org/maven2/org/springframework/data/build/spring-data-build/3.5.4/spring-data-build-3.5.4.pom
2025-10-08 12:36:54,095 [Worker-36: Import Getting Started Content] INFO  o.e.m.c.i.e.AbstractTransferListenerAdapter - Downloaded https://repo.maven.apache.org/maven2/org/springframework/data/spring-data-commons/3.5.4/spring-data-commons-3.5.4.pom
2025-10-08 12:36:54,218 [Worker-36: Import Getting Started Content] INFO  o.e.m.c.i.e.AbstractTransferListenerAdapter - Downloaded https://repo.maven.apache.org/maven2/org/springframework/spring-orm/6.2.11/spring-orm-6.2.11.pom
2025-10-08 12:36:54,318 [Worker-36: Import Getting Started Content] INFO  o.e.m.c.i.e.AbstractTransferListenerAdapter - Downloaded https://repo.maven.apache.org/maven2/org/springframework/spring-aspects/6.2.11/spring-aspects-6.2.11.pom
2025-10-08 12:36:54,427 [Worker-36: Import Getting Started Content] INFO  o.e.m.c.i.e.AbstractTransferListenerAdapter - Downloaded https://repo.maven.apache.org/maven2/org/springframework/boot/spring-boot-starter-validation/3.5.6/spring-boot-starter-validation-3.5.6.pom
2025-10-08 12:36:54,495 [AetherRepositoryConnector-repo.maven.apache.org-3-2] INFO  o.e.m.c.i.e.AbstractTransferListenerAdapter - Downloading https://repo.maven.apache.org/maven2/com/zaxxer/HikariCP/6.3.3/HikariCP-6.3.3.jar
2025-10-08 12:36:54,526 [AetherRepositoryConnector-repo.maven.apache.org-3-4] INFO  o.e.m.c.i.e.AbstractTransferListenerAdapter - Downloading https://repo.maven.apache.org/maven2/org/hibernate/orm/hibernate-core/6.6.29.Final/hibernate-core-6.6.29.Final.jar
2025-10-08 12:36:54,557 [AetherRepositoryConnector-repo.maven.apache.org-3-0] INFO  o.e.m.c.i.e.AbstractTransferListenerAdapter - Downloading https://repo.maven.apache.org/maven2/org/springframework/boot/spring-boot-starter-data-jpa/3.5.6/spring-boot-starter-data-jpa-3.5.6.jar
2025-10-08 12:36:54,592 [AetherRepositoryConnector-repo.maven.apache.org-3-1] INFO  o.e.m.c.i.e.AbstractTransferListenerAdapter - Downloading https://repo.maven.apache.org/maven2/org/springframework/boot/spring-boot-starter-jdbc/3.5.6/spring-boot-starter-jdbc-3.5.6.jar
2025-10-08 12:36:54,621 [AetherRepositoryConnector-repo.maven.apache.org-3-3] INFO  o.e.m.c.i.e.AbstractTransferListenerAdapter - Downloading https://repo.maven.apache.org/maven2/org/springframework/spring-jdbc/6.2.11/spring-jdbc-6.2.11.jar
2025-10-08 12:36:54,644 [AetherRepositoryConnector-repo.maven.apache.org-3-0] INFO  o.e.m.c.i.e.AbstractTransferListenerAdapter - Downloaded https://repo.maven.apache.org/maven2/org/springframework/boot/spring-boot-starter-data-jpa/3.5.6/spring-boot-starter-data-jpa-3.5.6.jar
2025-10-08 12:36:54,709 [AetherRepositoryConnector-repo.maven.apache.org-3-2] INFO  o.e.m.c.i.e.AbstractTransferListenerAdapter - Downloaded https://repo.maven.apache.org/maven2/com/zaxxer/HikariCP/6.3.3/HikariCP-6.3.3.jar
2025-10-08 12:36:54,710 [AetherRepositoryConnector-repo.maven.apache.org-3-1] INFO  o.e.m.c.i.e.AbstractTransferListenerAdapter - Downloaded https://repo.maven.apache.org/maven2/org/springframework/boot/spring-boot-starter-jdbc/3.5.6/spring-boot-starter-jdbc-3.5.6.jar
2025-10-08 12:36:54,841 [AetherRepositoryConnector-repo.maven.apache.org-3-0] INFO  o.e.m.c.i.e.AbstractTransferListenerAdapter - Downloading https://repo.maven.apache.org/maven2/org/springframework/data/spring-data-jpa/3.5.4/spring-data-jpa-3.5.4.jar
2025-10-08 12:36:54,860 [AetherRepositoryConnector-repo.maven.apache.org-3-3] INFO  o.e.m.c.i.e.AbstractTransferListenerAdapter - Downloaded https://repo.maven.apache.org/maven2/org/springframework/spring-jdbc/6.2.11/spring-jdbc-6.2.11.jar
2025-10-08 12:36:54,874 [AetherRepositoryConnector-repo.maven.apache.org-3-2] INFO  o.e.m.c.i.e.AbstractTransferListenerAdapter - Downloading https://repo.maven.apache.org/maven2/org/springframework/data/spring-data-commons/3.5.4/spring-data-commons-3.5.4.jar
2025-10-08 12:36:54,882 [AetherRepositoryConnector-repo.maven.apache.org-3-1] INFO  o.e.m.c.i.e.AbstractTransferListenerAdapter - Downloading https://repo.maven.apache.org/maven2/org/springframework/spring-orm/6.2.11/spring-orm-6.2.11.jar
2025-10-08 12:36:55,027 [AetherRepositoryConnector-repo.maven.apache.org-3-3] INFO  o.e.m.c.i.e.AbstractTransferListenerAdapter - Downloading https://repo.maven.apache.org/maven2/org/springframework/spring-tx/6.2.11/spring-tx-6.2.11.jar
2025-10-08 12:36:55,174 [AetherRepositoryConnector-repo.maven.apache.org-3-1] INFO  o.e.m.c.i.e.AbstractTransferListenerAdapter - Downloaded https://repo.maven.apache.org/maven2/org/springframework/spring-orm/6.2.11/spring-orm-6.2.11.jar
2025-10-08 12:36:55,299 [AetherRepositoryConnector-repo.maven.apache.org-3-3] INFO  o.e.m.c.i.e.AbstractTransferListenerAdapter - Downloaded https://repo.maven.apache.org/maven2/org/springframework/spring-tx/6.2.11/spring-tx-6.2.11.jar
2025-10-08 12:36:55,308 [AetherRepositoryConnector-repo.maven.apache.org-3-1] INFO  o.e.m.c.i.e.AbstractTransferListenerAdapter - Downloading https://repo.maven.apache.org/maven2/org/springframework/spring-aspects/6.2.11/spring-aspects-6.2.11.jar
2025-10-08 12:36:55,346 [AetherRepositoryConnector-repo.maven.apache.org-3-0] INFO  o.e.m.c.i.e.AbstractTransferListenerAdapter - Downloaded https://repo.maven.apache.org/maven2/org/springframework/data/spring-data-jpa/3.5.4/spring-data-jpa-3.5.4.jar
2025-10-08 12:36:55,495 [AetherRepositoryConnector-repo.maven.apache.org-3-3] INFO  o.e.m.c.i.e.AbstractTransferListenerAdapter - Downloading https://repo.maven.apache.org/maven2/org/springframework/boot/spring-boot-starter-validation/3.5.6/spring-boot-starter-validation-3.5.6.jar
2025-10-08 12:36:55,497 [AetherRepositoryConnector-repo.maven.apache.org-3-2] INFO  o.e.m.c.i.e.AbstractTransferListenerAdapter - Downloaded https://repo.maven.apache.org/maven2/org/springframework/data/spring-data-commons/3.5.4/spring-data-commons-3.5.4.jar
2025-10-08 12:36:55,502 [AetherRepositoryConnector-repo.maven.apache.org-3-1] INFO  o.e.m.c.i.e.AbstractTransferListenerAdapter - Downloaded https://repo.maven.apache.org/maven2/org/springframework/spring-aspects/6.2.11/spring-aspects-6.2.11.jar
2025-10-08 12:36:55,653 [AetherRepositoryConnector-repo.maven.apache.org-3-3] INFO  o.e.m.c.i.e.AbstractTransferListenerAdapter - Downloaded https://repo.maven.apache.org/maven2/org/springframework/boot/spring-boot-starter-validation/3.5.6/spring-boot-starter-validation-3.5.6.jar
2025-10-08 12:36:55,765 [AetherRepositoryConnector-repo.maven.apache.org-3-4] INFO  o.e.m.c.i.e.AbstractTransferListenerAdapter - Downloaded https://repo.maven.apache.org/maven2/org/hibernate/orm/hibernate-core/6.6.29.Final/hibernate-core-6.6.29.Final.jar
2025-10-08 12:36:55,842 [Worker-36: Import Getting Started Content] INFO  o.e.m.j.i.AbstractJavaProjectConfigurator - Adding source folder /bta-accounts-service/src/main/java
2025-10-08 12:36:55,843 [Worker-36: Import Getting Started Content] INFO  o.e.m.j.i.AbstractJavaProjectConfigurator - Adding resource folder /bta-accounts-service/src/main/resources
2025-10-08 12:36:55,843 [Worker-36: Import Getting Started Content] INFO  o.e.m.j.i.AbstractJavaProjectConfigurator - Adding resource folder /bta-accounts-service/src/main/resources
2025-10-08 12:36:55,844 [Worker-36: Import Getting Started Content] INFO  o.e.m.j.i.AbstractJavaProjectConfigurator - Adding source folder /bta-accounts-service/src/test/java
2025-10-08 12:36:55,960 [Worker-36: Import Getting Started Content] INFO  o.e.m.c.i.p.ProjectConfigurationManager - Imported and configured 1 project(s) in 3 sec
2025-10-08 12:36:55,960 [Worker-36: Import Getting Started Content] INFO  o.e.m.c.i.p.ProjectConfigurationManager - Update started
2025-10-08 12:36:56,025 [Worker-36: Import Getting Started Content] INFO  o.e.m.c.i.l.LifecycleMappingFactory - Using org.eclipse.m2e.jdt.JarLifecycleMapping lifecycle mapping for MavenProject: com.bta:bta-accounts-service:0.0.1-SNAPSHOT @ E:\ongoing\AllSpring_25Aug25_23Oct25_11to1\budget-tracker\step1\bta-accounts-service\pom.xml.
2025-10-08 12:36:56,129 [Worker-36: Import Getting Started Content] INFO  o.e.m.j.i.AbstractJavaProjectConfigurator - Adding source folder /bta-accounts-service/src/main/java
2025-10-08 12:36:56,129 [Worker-36: Import Getting Started Content] INFO  o.e.m.j.i.AbstractJavaProjectConfigurator - Adding resource folder /bta-accounts-service/src/main/resources
2025-10-08 12:36:56,129 [Worker-36: Import Getting Started Content] INFO  o.e.m.j.i.AbstractJavaProjectConfigurator - Adding resource folder /bta-accounts-service/src/main/resources
2025-10-08 12:36:56,129 [Worker-36: Import Getting Started Content] INFO  o.e.m.j.i.AbstractJavaProjectConfigurator - Adding source folder /bta-accounts-service/src/test/java
2025-10-08 12:36:56,214 [Worker-36: Import Getting Started Content] INFO  o.e.m.c.i.p.ProjectConfigurationManager - Update completed for 1 poms: local refresh takes 0.00 sec, refresh facades takes 0.00 sec, update config takes 0.00 sec 
2025-10-08 12:36:56,974 [Worker-41: Download sources and javadoc] INFO  o.e.m.c.i.e.AbstractTransferListenerAdapter - Downloading https://repo.maven.apache.org/maven2/org/springframework/boot/spring-boot-starter-data-jpa/3.5.6/spring-boot-starter-data-jpa-3.5.6-sources.jar
2025-10-08 12:36:57,023 [Worker-41: Download sources and javadoc] INFO  o.e.m.c.i.e.AbstractTransferListenerAdapter - Downloaded https://repo.maven.apache.org/maven2/org/springframework/boot/spring-boot-starter-data-jpa/3.5.6/spring-boot-starter-data-jpa-3.5.6-sources.jar
2025-10-08 12:36:57,024 [Worker-41: Download sources and javadoc] INFO  o.e.m.j.internal.DownloadSourcesJob - Downloaded sources for org.springframework.boot:spring-boot-starter-data-jpa:3.5.6
2025-10-08 12:36:58,193 [Worker-41: Download sources and javadoc] INFO  o.e.m.c.i.e.AbstractTransferListenerAdapter - Downloading https://repo.maven.apache.org/maven2/org/springframework/boot/spring-boot-starter-jdbc/3.5.6/spring-boot-starter-jdbc-3.5.6-sources.jar
2025-10-08 12:36:58,251 [Worker-41: Download sources and javadoc] INFO  o.e.m.c.i.e.AbstractTransferListenerAdapter - Downloaded https://repo.maven.apache.org/maven2/org/springframework/boot/spring-boot-starter-jdbc/3.5.6/spring-boot-starter-jdbc-3.5.6-sources.jar
2025-10-08 12:36:58,252 [Worker-41: Download sources and javadoc] INFO  o.e.m.j.internal.DownloadSourcesJob - Downloaded sources for org.springframework.boot:spring-boot-starter-jdbc:3.5.6
2025-10-08 12:36:58,465 [Worker-41: Download sources and javadoc] INFO  o.e.m.c.i.e.AbstractTransferListenerAdapter - Downloading https://repo.maven.apache.org/maven2/com/zaxxer/HikariCP/6.3.3/HikariCP-6.3.3-sources.jar
2025-10-08 12:36:58,578 [Worker-41: Download sources and javadoc] INFO  o.e.m.c.i.e.AbstractTransferListenerAdapter - Downloaded https://repo.maven.apache.org/maven2/com/zaxxer/HikariCP/6.3.3/HikariCP-6.3.3-sources.jar
2025-10-08 12:36:58,579 [Worker-41: Download sources and javadoc] INFO  o.e.m.j.internal.DownloadSourcesJob - Downloaded sources for com.zaxxer:HikariCP:6.3.3
2025-10-08 12:36:58,815 [Worker-41: Download sources and javadoc] INFO  o.e.m.c.i.e.AbstractTransferListenerAdapter - Downloading https://repo.maven.apache.org/maven2/org/springframework/spring-jdbc/6.2.11/spring-jdbc-6.2.11-sources.jar
2025-10-08 12:36:58,981 [Worker-41: Download sources and javadoc] INFO  o.e.m.c.i.e.AbstractTransferListenerAdapter - Downloaded https://repo.maven.apache.org/maven2/org/springframework/spring-jdbc/6.2.11/spring-jdbc-6.2.11-sources.jar
2025-10-08 12:36:58,982 [Worker-41: Download sources and javadoc] INFO  o.e.m.j.internal.DownloadSourcesJob - Downloaded sources for org.springframework:spring-jdbc:6.2.11
2025-10-08 12:36:59,165 [Worker-41: Download sources and javadoc] INFO  o.e.m.c.i.e.AbstractTransferListenerAdapter - Downloading https://repo.maven.apache.org/maven2/org/hibernate/orm/hibernate-core/6.6.29.Final/hibernate-core-6.6.29.Final-sources.jar
2025-10-08 12:36:59,840 [Worker-41: Download sources and javadoc] INFO  o.e.m.c.i.e.AbstractTransferListenerAdapter - Downloaded https://repo.maven.apache.org/maven2/org/hibernate/orm/hibernate-core/6.6.29.Final/hibernate-core-6.6.29.Final-sources.jar
2025-10-08 12:36:59,842 [Worker-41: Download sources and javadoc] INFO  o.e.m.j.internal.DownloadSourcesJob - Downloaded sources for org.hibernate.orm:hibernate-core:6.6.29.Final
2025-10-08 12:37:00,036 [Worker-41: Download sources and javadoc] INFO  o.e.m.c.i.e.AbstractTransferListenerAdapter - Downloading https://repo.maven.apache.org/maven2/org/springframework/data/spring-data-jpa/3.5.4/spring-data-jpa-3.5.4-sources.jar
2025-10-08 12:37:00,423 [Worker-41: Download sources and javadoc] INFO  o.e.m.c.i.e.AbstractTransferListenerAdapter - Downloaded https://repo.maven.apache.org/maven2/org/springframework/data/spring-data-jpa/3.5.4/spring-data-jpa-3.5.4-sources.jar
2025-10-08 12:37:00,426 [Worker-41: Download sources and javadoc] INFO  o.e.m.j.internal.DownloadSourcesJob - Downloaded sources for org.springframework.data:spring-data-jpa:3.5.4
2025-10-08 12:37:00,593 [Worker-41: Download sources and javadoc] INFO  o.e.m.c.i.e.AbstractTransferListenerAdapter - Downloading https://repo.maven.apache.org/maven2/org/springframework/data/spring-data-commons/3.5.4/spring-data-commons-3.5.4-sources.jar
2025-10-08 12:37:00,815 [Worker-41: Download sources and javadoc] INFO  o.e.m.c.i.e.AbstractTransferListenerAdapter - Downloaded https://repo.maven.apache.org/maven2/org/springframework/data/spring-data-commons/3.5.4/spring-data-commons-3.5.4-sources.jar
2025-10-08 12:37:00,817 [Worker-41: Download sources and javadoc] INFO  o.e.m.j.internal.DownloadSourcesJob - Downloaded sources for org.springframework.data:spring-data-commons:3.5.4
2025-10-08 12:37:00,990 [Worker-41: Download sources and javadoc] INFO  o.e.m.c.i.e.AbstractTransferListenerAdapter - Downloading https://repo.maven.apache.org/maven2/org/springframework/spring-orm/6.2.11/spring-orm-6.2.11-sources.jar
2025-10-08 12:37:01,147 [Worker-41: Download sources and javadoc] INFO  o.e.m.c.i.e.AbstractTransferListenerAdapter - Downloaded https://repo.maven.apache.org/maven2/org/springframework/spring-orm/6.2.11/spring-orm-6.2.11-sources.jar
2025-10-08 12:37:01,150 [Worker-41: Download sources and javadoc] INFO  o.e.m.j.internal.DownloadSourcesJob - Downloaded sources for org.springframework:spring-orm:6.2.11
2025-10-08 12:37:01,326 [Worker-41: Download sources and javadoc] INFO  o.e.m.c.i.e.AbstractTransferListenerAdapter - Downloading https://repo.maven.apache.org/maven2/org/springframework/spring-tx/6.2.11/spring-tx-6.2.11-sources.jar
2025-10-08 12:37:01,539 [Worker-41: Download sources and javadoc] INFO  o.e.m.c.i.e.AbstractTransferListenerAdapter - Downloaded https://repo.maven.apache.org/maven2/org/springframework/spring-tx/6.2.11/spring-tx-6.2.11-sources.jar
2025-10-08 12:37:01,540 [Worker-41: Download sources and javadoc] INFO  o.e.m.j.internal.DownloadSourcesJob - Downloaded sources for org.springframework:spring-tx:6.2.11
2025-10-08 12:37:01,714 [Worker-41: Download sources and javadoc] INFO  o.e.m.c.i.e.AbstractTransferListenerAdapter - Downloading https://repo.maven.apache.org/maven2/org/springframework/spring-aspects/6.2.11/spring-aspects-6.2.11-sources.jar
2025-10-08 12:37:01,772 [Worker-41: Download sources and javadoc] INFO  o.e.m.c.i.e.AbstractTransferListenerAdapter - Downloaded https://repo.maven.apache.org/maven2/org/springframework/spring-aspects/6.2.11/spring-aspects-6.2.11-sources.jar
2025-10-08 12:37:01,773 [Worker-41: Download sources and javadoc] INFO  o.e.m.j.internal.DownloadSourcesJob - Downloaded sources for org.springframework:spring-aspects:6.2.11
2025-10-08 12:37:01,963 [Worker-41: Download sources and javadoc] INFO  o.e.m.c.i.e.AbstractTransferListenerAdapter - Downloading https://repo.maven.apache.org/maven2/org/springframework/boot/spring-boot-starter-validation/3.5.6/spring-boot-starter-validation-3.5.6-sources.jar
2025-10-08 12:37:02,065 [Worker-41: Download sources and javadoc] INFO  o.e.m.c.i.e.AbstractTransferListenerAdapter - Downloaded https://repo.maven.apache.org/maven2/org/springframework/boot/spring-boot-starter-validation/3.5.6/spring-boot-starter-validation-3.5.6-sources.jar
2025-10-08 12:37:02,069 [Worker-41: Download sources and javadoc] INFO  o.e.m.j.internal.DownloadSourcesJob - Downloaded sources for org.springframework.boot:spring-boot-starter-validation:3.5.6
2025-10-08 12:37:54,184 [Worker-40: Building] INFO  o.e.m.c.i.l.LifecycleMappingFactory - Using NULL lifecycle mapping for MavenProject: com.bta:bta-parent:0.0.1-SNAPSHOT @ E:\ongoing\AllSpring_25Aug25_23Oct25_11to1\budget-tracker\step1\bta-parent\pom.xml.
2025-10-08 12:40:30,484 [Worker-44: Building] INFO  o.e.m.c.i.l.LifecycleMappingFactory - Using org.eclipse.m2e.jdt.JarLifecycleMapping lifecycle mapping for MavenProject: com.bta:bta-accounts-service:0.0.1-SNAPSHOT @ E:\ongoing\AllSpring_25Aug25_23Oct25_11to1\budget-tracker\step1\bta-accounts-service\pom.xml.
2025-10-08 12:40:30,788 [Worker-44: Building] INFO  o.a.m.s.f.DefaultMavenResourcesFiltering - Copying 0 resource from src\main\resources to target\classes
2025-10-08 12:40:30,788 [Worker-44: Building] INFO  o.a.m.s.f.DefaultMavenResourcesFiltering - Copying 0 resource from src\main\resources to target\classes
2025-10-08 12:40:30,789 [Worker-44: Building] INFO  o.a.m.s.f.DefaultMavenResourcesFiltering - skip non existing resourceDirectory E:\ongoing\AllSpring_25Aug25_23Oct25_11to1\budget-tracker\step1\bta-accounts-service\src\test\resources
2025-10-08 12:40:31,904 [Worker-37: Building] INFO  o.a.m.s.f.DefaultMavenResourcesFiltering - Copying 1 resource from src\main\resources to target\classes
2025-10-08 12:40:31,910 [Worker-37: Building] INFO  o.a.m.s.f.DefaultMavenResourcesFiltering - Copying 0 resource from src\main\resources to target\classes
2025-10-08 12:40:31,911 [Worker-37: Building] INFO  o.a.m.s.f.DefaultMavenResourcesFiltering - skip non existing resourceDirectory E:\ongoing\AllSpring_25Aug25_23Oct25_11to1\budget-tracker\step1\bta-accounts-service\src\test\resources
2025-10-08 12:40:43,202 [Worker-46: Building] INFO  o.e.m.c.i.l.LifecycleMappingFactory - Using org.eclipse.m2e.jdt.JarLifecycleMapping lifecycle mapping for MavenProject: com.bta:bta-accounts-service:0.0.1-SNAPSHOT @ E:\ongoing\AllSpring_25Aug25_23Oct25_11to1\budget-tracker\step1\bta-accounts-service\pom.xml.
2025-10-08 12:40:43,397 [Worker-46: Building] INFO  o.a.m.s.f.DefaultMavenResourcesFiltering - Copying 0 resource from src\main\resources to target\classes
2025-10-08 12:40:43,397 [Worker-46: Building] INFO  o.a.m.s.f.DefaultMavenResourcesFiltering - Copying 0 resource from src\main\resources to target\classes
2025-10-08 12:40:43,398 [Worker-46: Building] INFO  o.a.m.s.f.DefaultMavenResourcesFiltering - skip non existing resourceDirectory E:\ongoing\AllSpring_25Aug25_23Oct25_11to1\budget-tracker\step1\bta-accounts-service\src\test\resources
2025-10-08 12:41:18,647 [Worker-46: Building] INFO  o.e.m.c.i.l.LifecycleMappingFactory - Using org.eclipse.m2e.jdt.JarLifecycleMapping lifecycle mapping for MavenProject: com.bta:bta-accounts-service:0.0.1-SNAPSHOT @ E:\ongoing\AllSpring_25Aug25_23Oct25_11to1\budget-tracker\step1\bta-accounts-service\pom.xml.
2025-10-08 12:41:18,859 [Worker-46: Building] INFO  o.a.m.s.f.DefaultMavenResourcesFiltering - Copying 0 resource from src\main\resources to target\classes
2025-10-08 12:41:18,859 [Worker-46: Building] INFO  o.a.m.s.f.DefaultMavenResourcesFiltering - Copying 0 resource from src\main\resources to target\classes
2025-10-08 12:41:18,860 [Worker-46: Building] INFO  o.a.m.s.f.DefaultMavenResourcesFiltering - skip non existing resourceDirectory E:\ongoing\AllSpring_25Aug25_23Oct25_11to1\budget-tracker\step1\bta-accounts-service\src\test\resources
2025-10-08 12:41:20,028 [Worker-37: Building] INFO  o.a.m.s.f.DefaultMavenResourcesFiltering - Copying 1 resource from src\main\resources to target\classes
2025-10-08 12:41:20,032 [Worker-37: Building] INFO  o.a.m.s.f.DefaultMavenResourcesFiltering - Copying 0 resource from src\main\resources to target\classes
2025-10-08 12:41:20,033 [Worker-37: Building] INFO  o.a.m.s.f.DefaultMavenResourcesFiltering - skip non existing resourceDirectory E:\ongoing\AllSpring_25Aug25_23Oct25_11to1\budget-tracker\step1\bta-accounts-service\src\test\resources
2025-10-08 12:45:26,738 [Worker-45: Updating Maven Project] INFO  o.e.m.c.i.p.ProjectConfigurationManager - Update started
2025-10-08 12:45:26,888 [Worker-45: Updating Maven Project] INFO  o.e.m.c.i.l.LifecycleMappingFactory - Using org.eclipse.m2e.jdt.JarLifecycleMapping lifecycle mapping for MavenProject: com.bta:bta-accounts-service:0.0.1-SNAPSHOT @ E:\ongoing\AllSpring_25Aug25_23Oct25_11to1\budget-tracker\step1\bta-accounts-service\pom.xml.
2025-10-08 12:45:26,976 [Worker-45: Updating Maven Project] INFO  o.e.m.c.i.l.LifecycleMappingFactory - Using NULL lifecycle mapping for MavenProject: com.bta:bta-parent:0.0.1-SNAPSHOT @ E:\ongoing\AllSpring_25Aug25_23Oct25_11to1\budget-tracker\step1\bta-parent\pom.xml.
2025-10-08 12:45:27,138 [Worker-45: Updating Maven Project] INFO  o.e.m.j.i.AbstractJavaProjectConfigurator - Adding source folder /bta-accounts-service/src/main/java
2025-10-08 12:45:27,138 [Worker-45: Updating Maven Project] INFO  o.e.m.j.i.AbstractJavaProjectConfigurator - Adding resource folder /bta-accounts-service/src/main/resources
2025-10-08 12:45:27,139 [Worker-45: Updating Maven Project] INFO  o.e.m.j.i.AbstractJavaProjectConfigurator - Adding resource folder /bta-accounts-service/src/main/resources
2025-10-08 12:45:27,139 [Worker-45: Updating Maven Project] INFO  o.e.m.j.i.AbstractJavaProjectConfigurator - Adding source folder /bta-accounts-service/src/test/java
2025-10-08 12:45:27,301 [Worker-45: Updating Maven Project] INFO  o.e.m.c.i.p.ProjectConfigurationManager - Update completed for 2 poms: local refresh takes 0.00 sec, refresh facades takes 0.00 sec, update config takes 0.00 sec 
2025-10-08 12:46:02,790 [Worker-47: Building] INFO  o.e.m.c.i.l.LifecycleMappingFactory - Using org.eclipse.m2e.jdt.JarLifecycleMapping lifecycle mapping for MavenProject: com.bta:bta-accounts-service:0.0.1-SNAPSHOT @ E:\ongoing\AllSpring_25Aug25_23Oct25_11to1\budget-tracker\step1\bta-txns-service\pom.xml.
2025-10-08 12:46:02,990 [Worker-47: Building] INFO  o.a.m.s.f.DefaultMavenResourcesFiltering - Copying 1 resource from src\main\resources to target\classes
2025-10-08 12:46:02,995 [Worker-47: Building] INFO  o.a.m.s.f.DefaultMavenResourcesFiltering - Copying 0 resource from src\main\resources to target\classes
2025-10-08 12:46:02,997 [Worker-47: Building] INFO  o.a.m.s.f.DefaultMavenResourcesFiltering - skip non existing resourceDirectory E:\ongoing\AllSpring_25Aug25_23Oct25_11to1\budget-tracker\step1\bta-txns-service\src\test\resources
2025-10-08 12:46:04,190 [Worker-48: Building] INFO  o.a.m.s.f.DefaultMavenResourcesFiltering - Copying 1 resource from src\main\resources to target\classes
2025-10-08 12:46:04,190 [Worker-48: Building] INFO  o.a.m.s.f.DefaultMavenResourcesFiltering - Copying 0 resource from src\main\resources to target\classes
2025-10-08 12:46:04,191 [Worker-48: Building] INFO  o.a.m.s.f.DefaultMavenResourcesFiltering - skip non existing resourceDirectory E:\ongoing\AllSpring_25Aug25_23Oct25_11to1\budget-tracker\step1\bta-txns-service\src\test\resources
2025-10-08 12:46:21,606 [Worker-47: Building] INFO  o.e.m.c.i.l.LifecycleMappingFactory - Using org.eclipse.m2e.jdt.JarLifecycleMapping lifecycle mapping for MavenProject: com.bta:bta-txns-service:0.0.1-SNAPSHOT @ E:\ongoing\AllSpring_25Aug25_23Oct25_11to1\budget-tracker\step1\bta-txns-service\pom.xml.
2025-10-08 12:46:21,723 [Worker-47: Building] INFO  o.a.m.s.f.DefaultMavenResourcesFiltering - Copying 0 resource from src\main\resources to target\classes
2025-10-08 12:46:21,723 [Worker-47: Building] INFO  o.a.m.s.f.DefaultMavenResourcesFiltering - Copying 0 resource from src\main\resources to target\classes
2025-10-08 12:46:21,724 [Worker-47: Building] INFO  o.a.m.s.f.DefaultMavenResourcesFiltering - skip non existing resourceDirectory E:\ongoing\AllSpring_25Aug25_23Oct25_11to1\budget-tracker\step1\bta-txns-service\src\test\resources
2025-10-08 12:46:39,373 [Worker-37: Building] INFO  o.e.m.c.i.l.LifecycleMappingFactory - Using org.eclipse.m2e.jdt.JarLifecycleMapping lifecycle mapping for MavenProject: com.bta:bta-txns-service:0.0.1-SNAPSHOT @ E:\ongoing\AllSpring_25Aug25_23Oct25_11to1\budget-tracker\step1\bta-txns-service\pom.xml.
2025-10-08 12:46:39,569 [Worker-37: Building] INFO  o.a.m.s.f.DefaultMavenResourcesFiltering - Copying 0 resource from src\main\resources to target\classes
2025-10-08 12:46:39,569 [Worker-37: Building] INFO  o.a.m.s.f.DefaultMavenResourcesFiltering - Copying 0 resource from src\main\resources to target\classes
2025-10-08 12:46:39,570 [Worker-37: Building] INFO  o.a.m.s.f.DefaultMavenResourcesFiltering - skip non existing resourceDirectory E:\ongoing\AllSpring_25Aug25_23Oct25_11to1\budget-tracker\step1\bta-txns-service\src\test\resources
2025-10-08 12:50:51,274 [Worker-49: Import Getting Started Content] INFO  o.e.m.c.i.l.LifecycleMappingFactory - Using org.eclipse.m2e.jdt.JarLifecycleMapping lifecycle mapping for MavenProject: com.bta:bta-txns-service:0.0.1-SNAPSHOT @ E:\ongoing\AllSpring_25Aug25_23Oct25_11to1\budget-tracker\step1\bta-txns-service\pom.xml.
2025-10-08 12:50:51,372 [Worker-49: Import Getting Started Content] INFO  o.e.m.j.i.AbstractJavaProjectConfigurator - Adding source folder /bta-txns-service/src/main/java
2025-10-08 12:50:51,372 [Worker-49: Import Getting Started Content] INFO  o.e.m.j.i.AbstractJavaProjectConfigurator - Adding resource folder /bta-txns-service/src/main/resources
2025-10-08 12:50:51,373 [Worker-49: Import Getting Started Content] INFO  o.e.m.j.i.AbstractJavaProjectConfigurator - Adding resource folder /bta-txns-service/src/main/resources
2025-10-08 12:50:51,373 [Worker-49: Import Getting Started Content] INFO  o.e.m.j.i.AbstractJavaProjectConfigurator - Adding source folder /bta-txns-service/src/test/java
2025-10-08 12:50:51,456 [Worker-49: Import Getting Started Content] INFO  o.e.m.c.i.p.ProjectConfigurationManager - Imported and configured 1 project(s) in 0 sec
2025-10-08 12:50:51,456 [Worker-49: Import Getting Started Content] INFO  o.e.m.c.i.p.ProjectConfigurationManager - Update started
2025-10-08 12:50:51,522 [Worker-49: Import Getting Started Content] INFO  o.e.m.c.i.l.LifecycleMappingFactory - Using org.eclipse.m2e.jdt.JarLifecycleMapping lifecycle mapping for MavenProject: com.bta:bta-txns-service:0.0.1-SNAPSHOT @ E:\ongoing\AllSpring_25Aug25_23Oct25_11to1\budget-tracker\step1\bta-txns-service\pom.xml.
2025-10-08 12:50:51,632 [Worker-49: Import Getting Started Content] INFO  o.e.m.j.i.AbstractJavaProjectConfigurator - Adding source folder /bta-txns-service/src/main/java
2025-10-08 12:50:51,632 [Worker-49: Import Getting Started Content] INFO  o.e.m.j.i.AbstractJavaProjectConfigurator - Adding resource folder /bta-txns-service/src/main/resources
2025-10-08 12:50:51,632 [Worker-49: Import Getting Started Content] INFO  o.e.m.j.i.AbstractJavaProjectConfigurator - Adding resource folder /bta-txns-service/src/main/resources
2025-10-08 12:50:51,632 [Worker-49: Import Getting Started Content] INFO  o.e.m.j.i.AbstractJavaProjectConfigurator - Adding source folder /bta-txns-service/src/test/java
2025-10-08 12:50:51,708 [Worker-49: Import Getting Started Content] INFO  o.e.m.c.i.p.ProjectConfigurationManager - Update completed for 1 poms: local refresh takes 0.00 sec, refresh facades takes 0.00 sec, update config takes 0.00 sec 
2025-10-08 12:51:22,665 [Worker-51: Building] INFO  o.e.m.c.i.l.LifecycleMappingFactory - Using org.eclipse.m2e.jdt.JarLifecycleMapping lifecycle mapping for MavenProject: com.bta:bta-txns-service:0.0.1-SNAPSHOT @ E:\ongoing\AllSpring_25Aug25_23Oct25_11to1\budget-tracker\step1\bta-txns-service\pom.xml.
2025-10-08 12:51:22,878 [Worker-51: Building] INFO  o.a.m.s.f.DefaultMavenResourcesFiltering - Copying 0 resource from src\main\resources to target\classes
2025-10-08 12:51:22,878 [Worker-51: Building] INFO  o.a.m.s.f.DefaultMavenResourcesFiltering - Copying 0 resource from src\main\resources to target\classes
2025-10-08 12:51:22,879 [Worker-51: Building] INFO  o.a.m.s.f.DefaultMavenResourcesFiltering - skip non existing resourceDirectory E:\ongoing\AllSpring_25Aug25_23Oct25_11to1\budget-tracker\step1\bta-txns-service\src\test\resources
2025-10-08 12:51:23,997 [Worker-49: Building] INFO  o.a.m.s.f.DefaultMavenResourcesFiltering - Copying 1 resource from src\main\resources to target\classes
2025-10-08 12:51:24,002 [Worker-49: Building] INFO  o.a.m.s.f.DefaultMavenResourcesFiltering - Copying 0 resource from src\main\resources to target\classes
2025-10-08 12:51:24,002 [Worker-49: Building] INFO  o.a.m.s.f.DefaultMavenResourcesFiltering - skip non existing resourceDirectory E:\ongoing\AllSpring_25Aug25_23Oct25_11to1\budget-tracker\step1\bta-txns-service\src\test\resources
2025-10-08 12:51:30,202 [Worker-50: Building] INFO  o.e.m.c.i.l.LifecycleMappingFactory - Using org.eclipse.m2e.jdt.JarLifecycleMapping lifecycle mapping for MavenProject: com.bta:bta-txns-service:0.0.1-SNAPSHOT @ E:\ongoing\AllSpring_25Aug25_23Oct25_11to1\budget-tracker\step1\bta-txns-service\pom.xml.
2025-10-08 12:51:30,392 [Worker-50: Building] INFO  o.a.m.s.f.DefaultMavenResourcesFiltering - Copying 0 resource from src\main\resources to target\classes
2025-10-08 12:51:30,392 [Worker-50: Building] INFO  o.a.m.s.f.DefaultMavenResourcesFiltering - Copying 0 resource from src\main\resources to target\classes
2025-10-08 12:51:30,393 [Worker-50: Building] INFO  o.a.m.s.f.DefaultMavenResourcesFiltering - skip non existing resourceDirectory E:\ongoing\AllSpring_25Aug25_23Oct25_11to1\budget-tracker\step1\bta-txns-service\src\test\resources
2025-10-08 12:51:37,505 [Worker-54: Building] INFO  o.e.m.c.i.l.LifecycleMappingFactory - Using org.eclipse.m2e.jdt.JarLifecycleMapping lifecycle mapping for MavenProject: com.bta:bta-txns-service:0.0.1-SNAPSHOT @ E:\ongoing\AllSpring_25Aug25_23Oct25_11to1\budget-tracker\step1\bta-txns-service\pom.xml.
2025-10-08 12:51:37,703 [Worker-54: Building] INFO  o.a.m.s.f.DefaultMavenResourcesFiltering - Copying 0 resource from src\main\resources to target\classes
2025-10-08 12:51:37,703 [Worker-54: Building] INFO  o.a.m.s.f.DefaultMavenResourcesFiltering - Copying 0 resource from src\main\resources to target\classes
2025-10-08 12:51:37,704 [Worker-54: Building] INFO  o.a.m.s.f.DefaultMavenResourcesFiltering - skip non existing resourceDirectory E:\ongoing\AllSpring_25Aug25_23Oct25_11to1\budget-tracker\step1\bta-txns-service\src\test\resources
2025-10-08 12:51:38,826 [Worker-52: Building] INFO  o.a.m.s.f.DefaultMavenResourcesFiltering - Copying 1 resource from src\main\resources to target\classes
2025-10-08 12:51:38,831 [Worker-52: Building] INFO  o.a.m.s.f.DefaultMavenResourcesFiltering - Copying 0 resource from src\main\resources to target\classes
2025-10-08 12:51:38,832 [Worker-52: Building] INFO  o.a.m.s.f.DefaultMavenResourcesFiltering - skip non existing resourceDirectory E:\ongoing\AllSpring_25Aug25_23Oct25_11to1\budget-tracker\step1\bta-txns-service\src\test\resources
2025-10-08 12:55:05,720 [Worker-55: Import Getting Started Content] INFO  o.e.m.c.i.l.LifecycleMappingFactory - Using org.eclipse.m2e.jdt.JarLifecycleMapping lifecycle mapping for MavenProject: com.bta:bta-statement-service:0.0.1-SNAPSHOT @ E:\ongoing\AllSpring_25Aug25_23Oct25_11to1\budget-tracker\step1\bta-statement-service\pom.xml.
2025-10-08 12:55:05,789 [Worker-55: Import Getting Started Content] INFO  o.e.m.j.i.AbstractJavaProjectConfigurator - Adding source folder /bta-statement-service/src/main/java
2025-10-08 12:55:05,789 [Worker-55: Import Getting Started Content] INFO  o.e.m.j.i.AbstractJavaProjectConfigurator - Adding resource folder /bta-statement-service/src/main/resources
2025-10-08 12:55:05,790 [Worker-55: Import Getting Started Content] INFO  o.e.m.j.i.AbstractJavaProjectConfigurator - Adding resource folder /bta-statement-service/src/main/resources
2025-10-08 12:55:05,790 [Worker-55: Import Getting Started Content] INFO  o.e.m.j.i.AbstractJavaProjectConfigurator - Adding source folder /bta-statement-service/src/test/java
2025-10-08 12:55:05,849 [Worker-55: Import Getting Started Content] INFO  o.e.m.c.i.p.ProjectConfigurationManager - Imported and configured 1 project(s) in 0 sec
2025-10-08 12:55:05,849 [Worker-55: Import Getting Started Content] INFO  o.e.m.c.i.p.ProjectConfigurationManager - Update started
2025-10-08 12:55:05,904 [Worker-55: Import Getting Started Content] INFO  o.e.m.c.i.l.LifecycleMappingFactory - Using org.eclipse.m2e.jdt.JarLifecycleMapping lifecycle mapping for MavenProject: com.bta:bta-statement-service:0.0.1-SNAPSHOT @ E:\ongoing\AllSpring_25Aug25_23Oct25_11to1\budget-tracker\step1\bta-statement-service\pom.xml.
2025-10-08 12:55:05,964 [Worker-55: Import Getting Started Content] INFO  o.e.m.j.i.AbstractJavaProjectConfigurator - Adding source folder /bta-statement-service/src/main/java
2025-10-08 12:55:05,964 [Worker-55: Import Getting Started Content] INFO  o.e.m.j.i.AbstractJavaProjectConfigurator - Adding resource folder /bta-statement-service/src/main/resources
2025-10-08 12:55:05,964 [Worker-55: Import Getting Started Content] INFO  o.e.m.j.i.AbstractJavaProjectConfigurator - Adding resource folder /bta-statement-service/src/main/resources
2025-10-08 12:55:05,964 [Worker-55: Import Getting Started Content] INFO  o.e.m.j.i.AbstractJavaProjectConfigurator - Adding source folder /bta-statement-service/src/test/java
2025-10-08 12:55:06,027 [Worker-55: Import Getting Started Content] INFO  o.e.m.c.i.p.ProjectConfigurationManager - Update completed for 1 poms: local refresh takes 0.00 sec, refresh facades takes 0.00 sec, update config takes 0.00 sec 
2025-10-08 12:55:21,532 [Worker-56: Building] INFO  o.e.m.c.i.l.LifecycleMappingFactory - Using org.eclipse.m2e.jdt.JarLifecycleMapping lifecycle mapping for MavenProject: com.bta:bta-statement-service:0.0.1-SNAPSHOT @ E:\ongoing\AllSpring_25Aug25_23Oct25_11to1\budget-tracker\step1\bta-statement-service\pom.xml.
2025-10-08 12:55:21,709 [Worker-56: Building] INFO  o.a.m.s.f.DefaultMavenResourcesFiltering - Copying 0 resource from src\main\resources to target\classes
2025-10-08 12:55:21,709 [Worker-56: Building] INFO  o.a.m.s.f.DefaultMavenResourcesFiltering - Copying 0 resource from src\main\resources to target\classes
2025-10-08 12:55:21,710 [Worker-56: Building] INFO  o.a.m.s.f.DefaultMavenResourcesFiltering - skip non existing resourceDirectory E:\ongoing\AllSpring_25Aug25_23Oct25_11to1\budget-tracker\step1\bta-statement-service\src\test\resources
2025-10-08 12:55:22,927 [Worker-55: Building] INFO  o.a.m.s.f.DefaultMavenResourcesFiltering - Copying 1 resource from src\main\resources to target\classes
2025-10-08 12:55:22,935 [Worker-55: Building] INFO  o.a.m.s.f.DefaultMavenResourcesFiltering - Copying 0 resource from src\main\resources to target\classes
2025-10-08 12:55:22,936 [Worker-55: Building] INFO  o.a.m.s.f.DefaultMavenResourcesFiltering - skip non existing resourceDirectory E:\ongoing\AllSpring_25Aug25_23Oct25_11to1\budget-tracker\step1\bta-statement-service\src\test\resources
2025-10-08 12:55:26,541 [Worker-49: Building] INFO  o.e.m.c.i.l.LifecycleMappingFactory - Using org.eclipse.m2e.jdt.JarLifecycleMapping lifecycle mapping for MavenProject: com.bta:bta-statement-service:0.0.1-SNAPSHOT @ E:\ongoing\AllSpring_25Aug25_23Oct25_11to1\budget-tracker\step1\bta-statement-service\pom.xml.
2025-10-08 12:55:26,699 [Worker-49: Building] INFO  o.a.m.s.f.DefaultMavenResourcesFiltering - Copying 0 resource from src\main\resources to target\classes
2025-10-08 12:55:26,699 [Worker-49: Building] INFO  o.a.m.s.f.DefaultMavenResourcesFiltering - Copying 0 resource from src\main\resources to target\classes
2025-10-08 12:55:26,701 [Worker-49: Building] INFO  o.a.m.s.f.DefaultMavenResourcesFiltering - skip non existing resourceDirectory E:\ongoing\AllSpring_25Aug25_23Oct25_11to1\budget-tracker\step1\bta-statement-service\src\test\resources
2025-10-08 12:55:37,910 [Worker-49: Building] INFO  o.e.m.c.i.l.LifecycleMappingFactory - Using org.eclipse.m2e.jdt.JarLifecycleMapping lifecycle mapping for MavenProject: com.bta:bta-statement-service:0.0.1-SNAPSHOT @ E:\ongoing\AllSpring_25Aug25_23Oct25_11to1\budget-tracker\step1\bta-statement-service\pom.xml.
2025-10-08 12:55:38,077 [Worker-49: Building] INFO  o.a.m.s.f.DefaultMavenResourcesFiltering - Copying 0 resource from src\main\resources to target\classes
2025-10-08 12:55:38,077 [Worker-49: Building] INFO  o.a.m.s.f.DefaultMavenResourcesFiltering - Copying 0 resource from src\main\resources to target\classes
2025-10-08 12:55:38,078 [Worker-49: Building] INFO  o.a.m.s.f.DefaultMavenResourcesFiltering - skip non existing resourceDirectory E:\ongoing\AllSpring_25Aug25_23Oct25_11to1\budget-tracker\step1\bta-statement-service\src\test\resources
2025-10-08 12:55:39,245 [Worker-55: Building] INFO  o.a.m.s.f.DefaultMavenResourcesFiltering - Copying 1 resource from src\main\resources to target\classes
2025-10-08 12:55:39,250 [Worker-55: Building] INFO  o.a.m.s.f.DefaultMavenResourcesFiltering - Copying 0 resource from src\main\resources to target\classes
2025-10-08 12:55:39,252 [Worker-55: Building] INFO  o.a.m.s.f.DefaultMavenResourcesFiltering - skip non existing resourceDirectory E:\ongoing\AllSpring_25Aug25_23Oct25_11to1\budget-tracker\step1\bta-statement-service\src\test\resources
2025-10-08 12:58:00,644 [Worker-55: Building] INFO  o.e.m.c.i.l.LifecycleMappingFactory - Using NULL lifecycle mapping for MavenProject: com.bta:bta-parent:0.0.1-SNAPSHOT @ E:\ongoing\AllSpring_25Aug25_23Oct25_11to1\budget-tracker\step1\bta-parent\pom.xml.
2025-10-08 12:58:00,716 [Worker-55: Building] INFO  o.e.m.c.i.l.LifecycleMappingFactory - Using org.eclipse.m2e.jdt.JarLifecycleMapping lifecycle mapping for MavenProject: com.bta:bta-accounts-service:0.0.1-SNAPSHOT @ E:\ongoing\AllSpring_25Aug25_23Oct25_11to1\budget-tracker\step1\bta-accounts-service\pom.xml.
2025-10-08 12:58:00,749 [Worker-55: Building] INFO  o.e.m.c.i.l.LifecycleMappingFactory - Using org.eclipse.m2e.jdt.JarLifecycleMapping lifecycle mapping for MavenProject: com.bta:bta-txns-service:0.0.1-SNAPSHOT @ E:\ongoing\AllSpring_25Aug25_23Oct25_11to1\budget-tracker\step1\bta-txns-service\pom.xml.
2025-10-08 12:58:00,766 [Worker-55: Building] INFO  o.e.m.c.i.l.LifecycleMappingFactory - Using org.eclipse.m2e.jdt.JarLifecycleMapping lifecycle mapping for MavenProject: com.bta:bta-statement-service:0.0.1-SNAPSHOT @ E:\ongoing\AllSpring_25Aug25_23Oct25_11to1\budget-tracker\step1\bta-statement-service\pom.xml.
2025-10-08 12:58:01,120 [Worker-55: Building] INFO  o.a.m.s.f.DefaultMavenResourcesFiltering - Copying 0 resource from src\main\resources to target\classes
2025-10-08 12:58:01,120 [Worker-55: Building] INFO  o.a.m.s.f.DefaultMavenResourcesFiltering - Copying 0 resource from src\main\resources to target\classes
2025-10-08 12:58:01,121 [Worker-55: Building] INFO  o.a.m.s.f.DefaultMavenResourcesFiltering - skip non existing resourceDirectory E:\ongoing\AllSpring_25Aug25_23Oct25_11to1\budget-tracker\step1\bta-statement-service\src\test\resources
2025-10-08 12:58:01,142 [Worker-55: Building] INFO  o.a.m.s.f.DefaultMavenResourcesFiltering - Copying 0 resource from src\main\resources to target\classes
2025-10-08 12:58:01,142 [Worker-55: Building] INFO  o.a.m.s.f.DefaultMavenResourcesFiltering - Copying 0 resource from src\main\resources to target\classes
2025-10-08 12:58:01,142 [Worker-55: Building] INFO  o.a.m.s.f.DefaultMavenResourcesFiltering - skip non existing resourceDirectory E:\ongoing\AllSpring_25Aug25_23Oct25_11to1\budget-tracker\step1\bta-txns-service\src\test\resources
2025-10-08 12:58:02,219 [Worker-59: Building] INFO  o.a.m.s.f.DefaultMavenResourcesFiltering - Copying 0 resource from src\main\resources to target\classes
2025-10-08 12:58:02,220 [Worker-59: Building] INFO  o.a.m.s.f.DefaultMavenResourcesFiltering - Copying 0 resource from src\main\resources to target\classes
2025-10-08 12:58:02,220 [Worker-59: Building] INFO  o.a.m.s.f.DefaultMavenResourcesFiltering - skip non existing resourceDirectory E:\ongoing\AllSpring_25Aug25_23Oct25_11to1\budget-tracker\step1\bta-accounts-service\src\test\resources
2025-10-08 13:01:26,934 [Worker-60: Updating Maven Project] INFO  o.e.m.c.i.p.ProjectConfigurationManager - Update started
2025-10-08 13:01:27,231 [Worker-60: Updating Maven Project] INFO  o.e.m.c.i.l.LifecycleMappingFactory - Using org.eclipse.m2e.jdt.JarLifecycleMapping lifecycle mapping for MavenProject: com.bta:bta-accounts-service:0.0.1-SNAPSHOT @ E:\ongoing\AllSpring_25Aug25_23Oct25_11to1\budget-tracker\step1\bta-accounts-service\pom.xml.
2025-10-08 13:01:27,324 [Worker-60: Updating Maven Project] INFO  o.e.m.c.i.l.LifecycleMappingFactory - Using NULL lifecycle mapping for MavenProject: com.bta:bta-parent:0.0.1-SNAPSHOT @ E:\ongoing\AllSpring_25Aug25_23Oct25_11to1\budget-tracker\step1\bta-parent\pom.xml.
2025-10-08 13:01:27,341 [Worker-60: Updating Maven Project] INFO  o.e.m.c.i.l.LifecycleMappingFactory - Using org.eclipse.m2e.jdt.JarLifecycleMapping lifecycle mapping for MavenProject: com.bta:bta-statement-service:0.0.1-SNAPSHOT @ E:\ongoing\AllSpring_25Aug25_23Oct25_11to1\budget-tracker\step1\bta-statement-service\pom.xml.
2025-10-08 13:01:27,358 [Worker-60: Updating Maven Project] INFO  o.e.m.c.i.l.LifecycleMappingFactory - Using org.eclipse.m2e.jdt.JarLifecycleMapping lifecycle mapping for MavenProject: com.bta:bta-txns-service:0.0.1-SNAPSHOT @ E:\ongoing\AllSpring_25Aug25_23Oct25_11to1\budget-tracker\step1\bta-txns-service\pom.xml.
2025-10-08 13:01:27,700 [Worker-60: Updating Maven Project] INFO  o.e.m.j.i.AbstractJavaProjectConfigurator - Adding source folder /bta-accounts-service/src/main/java
2025-10-08 13:01:27,700 [Worker-60: Updating Maven Project] INFO  o.e.m.j.i.AbstractJavaProjectConfigurator - Adding resource folder /bta-accounts-service/src/main/resources
2025-10-08 13:01:27,700 [Worker-60: Updating Maven Project] INFO  o.e.m.j.i.AbstractJavaProjectConfigurator - Adding resource folder /bta-accounts-service/src/main/resources
2025-10-08 13:01:27,700 [Worker-60: Updating Maven Project] INFO  o.e.m.j.i.AbstractJavaProjectConfigurator - Adding source folder /bta-accounts-service/src/test/java
2025-10-08 13:01:27,823 [Worker-60: Updating Maven Project] INFO  o.e.m.j.i.AbstractJavaProjectConfigurator - Adding source folder /bta-statement-service/src/main/java
2025-10-08 13:01:27,823 [Worker-60: Updating Maven Project] INFO  o.e.m.j.i.AbstractJavaProjectConfigurator - Adding resource folder /bta-statement-service/src/main/resources
2025-10-08 13:01:27,823 [Worker-60: Updating Maven Project] INFO  o.e.m.j.i.AbstractJavaProjectConfigurator - Adding resource folder /bta-statement-service/src/main/resources
2025-10-08 13:01:27,823 [Worker-60: Updating Maven Project] INFO  o.e.m.j.i.AbstractJavaProjectConfigurator - Adding source folder /bta-statement-service/src/test/java
2025-10-08 13:01:27,918 [Worker-60: Updating Maven Project] INFO  o.e.m.j.i.AbstractJavaProjectConfigurator - Adding source folder /bta-txns-service/src/main/java
2025-10-08 13:01:27,918 [Worker-60: Updating Maven Project] INFO  o.e.m.j.i.AbstractJavaProjectConfigurator - Adding resource folder /bta-txns-service/src/main/resources
2025-10-08 13:01:27,918 [Worker-60: Updating Maven Project] INFO  o.e.m.j.i.AbstractJavaProjectConfigurator - Adding resource folder /bta-txns-service/src/main/resources
2025-10-08 13:01:27,918 [Worker-60: Updating Maven Project] INFO  o.e.m.j.i.AbstractJavaProjectConfigurator - Adding source folder /bta-txns-service/src/test/java
2025-10-08 13:01:28,065 [Worker-60: Updating Maven Project] INFO  o.e.m.c.i.p.ProjectConfigurationManager - Update completed for 4 poms: local refresh takes 0.00 sec, refresh facades takes 0.00 sec, update config takes 0.00 sec 
2025-10-09 11:18:55,282 [Worker-2: Loading available Gradle versions] INFO  o.e.b.c.i.u.g.PublishedGradleVersions - Gradle version information cache is up-to-date. Trying to read.
2025-10-09 11:39:50,094 [Worker-17: Building] INFO  o.a.m.s.f.DefaultMavenResourcesFiltering - Copying 1 resource from src\main\resources to target\classes
2025-10-09 11:39:50,113 [Worker-17: Building] INFO  o.a.m.s.f.DefaultMavenResourcesFiltering - Copying 0 resource from src\main\resources to target\classes
2025-10-09 11:39:50,115 [Worker-17: Building] INFO  o.a.m.s.f.DefaultMavenResourcesFiltering - skip non existing resourceDirectory E:\ongoing\AllSpring_25Aug25_23Oct25_11to1\budget-tracker\step1\bta-accounts-service\src\test\resources
2025-10-09 11:44:42,402 [Worker-18: Building] INFO  o.a.m.s.f.DefaultMavenResourcesFiltering - Copying 1 resource from src\main\resources to target\classes
2025-10-09 11:44:42,411 [Worker-18: Building] INFO  o.a.m.s.f.DefaultMavenResourcesFiltering - Copying 0 resource from src\main\resources to target\classes
2025-10-09 11:44:42,412 [Worker-18: Building] INFO  o.a.m.s.f.DefaultMavenResourcesFiltering - skip non existing resourceDirectory E:\ongoing\AllSpring_25Aug25_23Oct25_11to1\budget-tracker\step1\bta-accounts-service\src\test\resources
2025-10-09 11:44:53,384 [Worker-20: Building] INFO  o.a.m.s.f.DefaultMavenResourcesFiltering - Copying 1 resource from src\main\resources to target\classes
2025-10-09 11:44:53,391 [Worker-20: Building] INFO  o.a.m.s.f.DefaultMavenResourcesFiltering - Copying 0 resource from src\main\resources to target\classes
2025-10-09 11:44:53,394 [Worker-20: Building] INFO  o.a.m.s.f.DefaultMavenResourcesFiltering - skip non existing resourceDirectory E:\ongoing\AllSpring_25Aug25_23Oct25_11to1\budget-tracker\step1\bta-accounts-service\src\test\resources
2025-10-09 11:45:02,191 [Worker-19: Building] INFO  o.a.m.s.f.DefaultMavenResourcesFiltering - Copying 1 resource from src\main\resources to target\classes
2025-10-09 11:45:02,196 [Worker-19: Building] INFO  o.a.m.s.f.DefaultMavenResourcesFiltering - Copying 0 resource from src\main\resources to target\classes
2025-10-09 11:45:02,197 [Worker-19: Building] INFO  o.a.m.s.f.DefaultMavenResourcesFiltering - skip non existing resourceDirectory E:\ongoing\AllSpring_25Aug25_23Oct25_11to1\budget-tracker\step1\bta-accounts-service\src\test\resources
2025-10-09 11:46:15,588 [Worker-22: Building] INFO  o.a.m.s.f.DefaultMavenResourcesFiltering - Copying 1 resource from src\main\resources to target\classes
2025-10-09 11:46:15,595 [Worker-22: Building] INFO  o.a.m.s.f.DefaultMavenResourcesFiltering - Copying 0 resource from src\main\resources to target\classes
2025-10-09 11:46:15,597 [Worker-22: Building] INFO  o.a.m.s.f.DefaultMavenResourcesFiltering - skip non existing resourceDirectory E:\ongoing\AllSpring_25Aug25_23Oct25_11to1\budget-tracker\step1\bta-accounts-service\src\test\resources
2025-10-09 11:47:01,141 [Worker-22: Building] INFO  o.a.m.s.f.DefaultMavenResourcesFiltering - Copying 1 resource from src\main\resources to target\classes
2025-10-09 11:47:01,151 [Worker-22: Building] INFO  o.a.m.s.f.DefaultMavenResourcesFiltering - Copying 0 resource from src\main\resources to target\classes
2025-10-09 11:47:01,153 [Worker-22: Building] INFO  o.a.m.s.f.DefaultMavenResourcesFiltering - skip non existing resourceDirectory E:\ongoing\AllSpring_25Aug25_23Oct25_11to1\budget-tracker\step1\bta-accounts-service\src\test\resources
2025-10-09 11:49:55,484 [Worker-22: Building] INFO  o.a.m.s.f.DefaultMavenResourcesFiltering - Copying 1 resource from src\main\resources to target\classes
2025-10-09 11:49:55,488 [Worker-22: Building] INFO  o.a.m.s.f.DefaultMavenResourcesFiltering - Copying 0 resource from src\main\resources to target\classes
2025-10-09 11:49:55,489 [Worker-22: Building] INFO  o.a.m.s.f.DefaultMavenResourcesFiltering - skip non existing resourceDirectory E:\ongoing\AllSpring_25Aug25_23Oct25_11to1\budget-tracker\step1\bta-accounts-service\src\test\resources
2025-10-09 11:53:20,862 [Worker-18: Building] INFO  o.a.m.s.f.DefaultMavenResourcesFiltering - Copying 1 resource from src\main\resources to target\classes
2025-10-09 11:53:20,864 [Worker-18: Building] INFO  o.a.m.s.f.DefaultMavenResourcesFiltering - Copying 0 resource from src\main\resources to target\classes
2025-10-09 11:53:20,866 [Worker-18: Building] INFO  o.a.m.s.f.DefaultMavenResourcesFiltering - skip non existing resourceDirectory E:\ongoing\AllSpring_25Aug25_23Oct25_11to1\budget-tracker\step1\bta-accounts-service\src\test\resources
2025-10-09 11:53:44,020 [Worker-27: Building] INFO  o.a.m.s.f.DefaultMavenResourcesFiltering - Copying 1 resource from src\main\resources to target\classes
2025-10-09 11:53:44,022 [Worker-27: Building] INFO  o.a.m.s.f.DefaultMavenResourcesFiltering - Copying 0 resource from src\main\resources to target\classes
2025-10-09 11:53:44,023 [Worker-27: Building] INFO  o.a.m.s.f.DefaultMavenResourcesFiltering - skip non existing resourceDirectory E:\ongoing\AllSpring_25Aug25_23Oct25_11to1\budget-tracker\step1\bta-accounts-service\src\test\resources
2025-10-09 11:53:52,727 [Worker-26: Building] INFO  o.a.m.s.f.DefaultMavenResourcesFiltering - Copying 1 resource from src\main\resources to target\classes
2025-10-09 11:53:52,730 [Worker-26: Building] INFO  o.a.m.s.f.DefaultMavenResourcesFiltering - Copying 0 resource from src\main\resources to target\classes
2025-10-09 11:53:52,731 [Worker-26: Building] INFO  o.a.m.s.f.DefaultMavenResourcesFiltering - skip non existing resourceDirectory E:\ongoing\AllSpring_25Aug25_23Oct25_11to1\budget-tracker\step1\bta-accounts-service\src\test\resources
2025-10-09 12:01:07,535 [Worker-31: Building] INFO  o.a.m.s.f.DefaultMavenResourcesFiltering - Copying 1 resource from src\main\resources to target\classes
2025-10-09 12:01:07,539 [Worker-31: Building] INFO  o.a.m.s.f.DefaultMavenResourcesFiltering - Copying 0 resource from src\main\resources to target\classes
2025-10-09 12:01:07,541 [Worker-31: Building] INFO  o.a.m.s.f.DefaultMavenResourcesFiltering - skip non existing resourceDirectory E:\ongoing\AllSpring_25Aug25_23Oct25_11to1\budget-tracker\step1\bta-accounts-service\src\test\resources
2025-10-09 12:01:11,499 [Worker-18: Building] INFO  o.a.m.s.f.DefaultMavenResourcesFiltering - Copying 1 resource from src\main\resources to target\classes
2025-10-09 12:01:11,503 [Worker-18: Building] INFO  o.a.m.s.f.DefaultMavenResourcesFiltering - Copying 0 resource from src\main\resources to target\classes
2025-10-09 12:01:11,506 [Worker-18: Building] INFO  o.a.m.s.f.DefaultMavenResourcesFiltering - skip non existing resourceDirectory E:\ongoing\AllSpring_25Aug25_23Oct25_11to1\budget-tracker\step1\bta-accounts-service\src\test\resources
2025-10-09 12:05:52,400 [Worker-36: Building] INFO  o.a.m.s.f.DefaultMavenResourcesFiltering - Copying 1 resource from src\main\resources to target\classes
2025-10-09 12:05:52,404 [Worker-36: Building] INFO  o.a.m.s.f.DefaultMavenResourcesFiltering - Copying 0 resource from src\main\resources to target\classes
2025-10-09 12:05:52,405 [Worker-36: Building] INFO  o.a.m.s.f.DefaultMavenResourcesFiltering - skip non existing resourceDirectory E:\ongoing\AllSpring_25Aug25_23Oct25_11to1\budget-tracker\step1\bta-accounts-service\src\test\resources
2025-10-09 12:05:56,341 [Worker-18: Building] INFO  o.a.m.s.f.DefaultMavenResourcesFiltering - Copying 1 resource from src\main\resources to target\classes
2025-10-09 12:05:56,343 [Worker-18: Building] INFO  o.a.m.s.f.DefaultMavenResourcesFiltering - Copying 0 resource from src\main\resources to target\classes
2025-10-09 12:05:56,344 [Worker-18: Building] INFO  o.a.m.s.f.DefaultMavenResourcesFiltering - skip non existing resourceDirectory E:\ongoing\AllSpring_25Aug25_23Oct25_11to1\budget-tracker\step1\bta-accounts-service\src\test\resources
2025-10-09 12:06:09,868 [Worker-36: Building] INFO  o.a.m.s.f.DefaultMavenResourcesFiltering - Copying 1 resource from src\main\resources to target\classes
2025-10-09 12:06:09,872 [Worker-36: Building] INFO  o.a.m.s.f.DefaultMavenResourcesFiltering - Copying 0 resource from src\main\resources to target\classes
2025-10-09 12:06:09,873 [Worker-36: Building] INFO  o.a.m.s.f.DefaultMavenResourcesFiltering - skip non existing resourceDirectory E:\ongoing\AllSpring_25Aug25_23Oct25_11to1\budget-tracker\step1\bta-accounts-service\src\test\resources
2025-10-09 12:21:21,324 [Worker-40: Building] INFO  o.a.m.s.f.DefaultMavenResourcesFiltering - Copying 1 resource from src\main\resources to target\classes
2025-10-09 12:21:21,327 [Worker-40: Building] INFO  o.a.m.s.f.DefaultMavenResourcesFiltering - Copying 0 resource from src\main\resources to target\classes
2025-10-09 12:21:21,328 [Worker-40: Building] INFO  o.a.m.s.f.DefaultMavenResourcesFiltering - skip non existing resourceDirectory E:\ongoing\AllSpring_25Aug25_23Oct25_11to1\budget-tracker\step1\bta-accounts-service\src\test\resources
2025-10-09 12:21:25,177 [Worker-41: Building] INFO  o.a.m.s.f.DefaultMavenResourcesFiltering - Copying 1 resource from src\main\resources to target\classes
2025-10-09 12:21:25,180 [Worker-41: Building] INFO  o.a.m.s.f.DefaultMavenResourcesFiltering - Copying 0 resource from src\main\resources to target\classes
2025-10-09 12:21:25,181 [Worker-41: Building] INFO  o.a.m.s.f.DefaultMavenResourcesFiltering - skip non existing resourceDirectory E:\ongoing\AllSpring_25Aug25_23Oct25_11to1\budget-tracker\step1\bta-accounts-service\src\test\resources
2025-10-09 12:26:58,151 [Worker-40: Building] INFO  o.a.m.s.f.DefaultMavenResourcesFiltering - Copying 1 resource from src\main\resources to target\classes
2025-10-09 12:26:58,155 [Worker-40: Building] INFO  o.a.m.s.f.DefaultMavenResourcesFiltering - Copying 0 resource from src\main\resources to target\classes
2025-10-09 12:26:58,156 [Worker-40: Building] INFO  o.a.m.s.f.DefaultMavenResourcesFiltering - skip non existing resourceDirectory E:\ongoing\AllSpring_25Aug25_23Oct25_11to1\budget-tracker\step1\bta-accounts-service\src\test\resources
2025-10-09 12:27:11,293 [Worker-43: Building] INFO  o.a.m.s.f.DefaultMavenResourcesFiltering - Copying 1 resource from src\main\resources to target\classes
2025-10-09 12:27:11,296 [Worker-43: Building] INFO  o.a.m.s.f.DefaultMavenResourcesFiltering - Copying 0 resource from src\main\resources to target\classes
2025-10-09 12:27:11,297 [Worker-43: Building] INFO  o.a.m.s.f.DefaultMavenResourcesFiltering - skip non existing resourceDirectory E:\ongoing\AllSpring_25Aug25_23Oct25_11to1\budget-tracker\step1\bta-accounts-service\src\test\resources
2025-10-09 12:38:00,425 [Worker-45: Building] INFO  o.a.m.s.f.DefaultMavenResourcesFiltering - Copying 1 resource from src\main\resources to target\classes
2025-10-09 12:38:00,432 [Worker-45: Building] INFO  o.a.m.s.f.DefaultMavenResourcesFiltering - Copying 0 resource from src\main\resources to target\classes
2025-10-09 12:38:00,433 [Worker-45: Building] INFO  o.a.m.s.f.DefaultMavenResourcesFiltering - skip non existing resourceDirectory E:\ongoing\AllSpring_25Aug25_23Oct25_11to1\budget-tracker\step1\bta-accounts-service\src\test\resources
2025-10-09 12:38:26,004 [Worker-47: Building] INFO  o.a.m.s.f.DefaultMavenResourcesFiltering - Copying 1 resource from src\main\resources to target\classes
2025-10-09 12:38:26,021 [Worker-47: Building] INFO  o.a.m.s.f.DefaultMavenResourcesFiltering - Copying 0 resource from src\main\resources to target\classes
2025-10-09 12:38:26,023 [Worker-47: Building] INFO  o.a.m.s.f.DefaultMavenResourcesFiltering - skip non existing resourceDirectory E:\ongoing\AllSpring_25Aug25_23Oct25_11to1\budget-tracker\step1\bta-txns-service\src\test\resources
2025-10-09 12:38:42,740 [Worker-47: Building] INFO  o.a.m.s.f.DefaultMavenResourcesFiltering - Copying 1 resource from src\main\resources to target\classes
2025-10-09 12:38:42,745 [Worker-47: Building] INFO  o.a.m.s.f.DefaultMavenResourcesFiltering - Copying 0 resource from src\main\resources to target\classes
2025-10-09 12:38:42,747 [Worker-47: Building] INFO  o.a.m.s.f.DefaultMavenResourcesFiltering - skip non existing resourceDirectory E:\ongoing\AllSpring_25Aug25_23Oct25_11to1\budget-tracker\step1\bta-txns-service\src\test\resources
2025-10-09 12:38:52,379 [Worker-48: Building] INFO  o.a.m.s.f.DefaultMavenResourcesFiltering - Copying 1 resource from src\main\resources to target\classes
2025-10-09 12:38:52,381 [Worker-48: Building] INFO  o.a.m.s.f.DefaultMavenResourcesFiltering - Copying 0 resource from src\main\resources to target\classes
2025-10-09 12:38:52,382 [Worker-48: Building] INFO  o.a.m.s.f.DefaultMavenResourcesFiltering - skip non existing resourceDirectory E:\ongoing\AllSpring_25Aug25_23Oct25_11to1\budget-tracker\step1\bta-accounts-service\src\test\resources
2025-10-09 12:43:46,648 [Worker-50: Building] INFO  o.a.m.s.f.DefaultMavenResourcesFiltering - Copying 1 resource from src\main\resources to target\classes
2025-10-09 12:43:46,653 [Worker-50: Building] INFO  o.a.m.s.f.DefaultMavenResourcesFiltering - Copying 0 resource from src\main\resources to target\classes
2025-10-09 12:43:46,653 [Worker-50: Building] INFO  o.a.m.s.f.DefaultMavenResourcesFiltering - skip non existing resourceDirectory E:\ongoing\AllSpring_25Aug25_23Oct25_11to1\budget-tracker\step1\bta-txns-service\src\test\resources
2025-10-09 12:44:53,442 [Worker-51: Building] INFO  o.a.m.s.f.DefaultMavenResourcesFiltering - Copying 1 resource from src\main\resources to target\classes
2025-10-09 12:44:53,446 [Worker-51: Building] INFO  o.a.m.s.f.DefaultMavenResourcesFiltering - Copying 0 resource from src\main\resources to target\classes
2025-10-09 12:44:53,447 [Worker-51: Building] INFO  o.a.m.s.f.DefaultMavenResourcesFiltering - skip non existing resourceDirectory E:\ongoing\AllSpring_25Aug25_23Oct25_11to1\budget-tracker\step1\bta-txns-service\src\test\resources
2025-10-09 12:47:25,135 [Worker-53: Building] INFO  o.a.m.s.f.DefaultMavenResourcesFiltering - Copying 1 resource from src\main\resources to target\classes
2025-10-09 12:47:25,140 [Worker-53: Building] INFO  o.a.m.s.f.DefaultMavenResourcesFiltering - Copying 0 resource from src\main\resources to target\classes
2025-10-09 12:47:25,141 [Worker-53: Building] INFO  o.a.m.s.f.DefaultMavenResourcesFiltering - skip non existing resourceDirectory E:\ongoing\AllSpring_25Aug25_23Oct25_11to1\budget-tracker\step1\bta-txns-service\src\test\resources
2025-10-09 12:47:35,275 [Worker-52: Building] INFO  o.a.m.s.f.DefaultMavenResourcesFiltering - Copying 1 resource from src\main\resources to target\classes
2025-10-09 12:47:35,277 [Worker-52: Building] INFO  o.a.m.s.f.DefaultMavenResourcesFiltering - Copying 0 resource from src\main\resources to target\classes
2025-10-09 12:47:35,278 [Worker-52: Building] INFO  o.a.m.s.f.DefaultMavenResourcesFiltering - skip non existing resourceDirectory E:\ongoing\AllSpring_25Aug25_23Oct25_11to1\budget-tracker\step1\bta-txns-service\src\test\resources
2025-10-09 12:47:47,469 [Worker-53: Building] INFO  o.a.m.s.f.DefaultMavenResourcesFiltering - Copying 1 resource from src\main\resources to target\classes
2025-10-09 12:47:47,472 [Worker-53: Building] INFO  o.a.m.s.f.DefaultMavenResourcesFiltering - Copying 0 resource from src\main\resources to target\classes
2025-10-09 12:47:47,473 [Worker-53: Building] INFO  o.a.m.s.f.DefaultMavenResourcesFiltering - skip non existing resourceDirectory E:\ongoing\AllSpring_25Aug25_23Oct25_11to1\budget-tracker\step1\bta-txns-service\src\test\resources
2025-10-09 12:48:04,613 [Worker-50: Building] INFO  o.a.m.s.f.DefaultMavenResourcesFiltering - Copying 1 resource from src\main\resources to target\classes
2025-10-09 12:48:04,615 [Worker-50: Building] INFO  o.a.m.s.f.DefaultMavenResourcesFiltering - Copying 0 resource from src\main\resources to target\classes
2025-10-09 12:48:04,616 [Worker-50: Building] INFO  o.a.m.s.f.DefaultMavenResourcesFiltering - skip non existing resourceDirectory E:\ongoing\AllSpring_25Aug25_23Oct25_11to1\budget-tracker\step1\bta-txns-service\src\test\resources
2025-10-09 12:48:28,351 [Worker-56: Building] INFO  o.a.m.s.f.DefaultMavenResourcesFiltering - Copying 1 resource from src\main\resources to target\classes
2025-10-09 12:48:28,353 [Worker-56: Building] INFO  o.a.m.s.f.DefaultMavenResourcesFiltering - Copying 0 resource from src\main\resources to target\classes
2025-10-09 12:48:28,354 [Worker-56: Building] INFO  o.a.m.s.f.DefaultMavenResourcesFiltering - skip non existing resourceDirectory E:\ongoing\AllSpring_25Aug25_23Oct25_11to1\budget-tracker\step1\bta-txns-service\src\test\resources
2025-10-09 13:07:43,308 [Worker-60: Building] INFO  o.a.m.s.f.DefaultMavenResourcesFiltering - Copying 1 resource from src\main\resources to target\classes
2025-10-09 13:07:43,312 [Worker-60: Building] INFO  o.a.m.s.f.DefaultMavenResourcesFiltering - Copying 0 resource from src\main\resources to target\classes
2025-10-09 13:07:43,314 [Worker-60: Building] INFO  o.a.m.s.f.DefaultMavenResourcesFiltering - skip non existing resourceDirectory E:\ongoing\AllSpring_25Aug25_23Oct25_11to1\budget-tracker\step1\bta-txns-service\src\test\resources
2025-10-09 13:08:53,131 [Worker-59: Building] INFO  o.a.m.s.f.DefaultMavenResourcesFiltering - Copying 1 resource from src\main\resources to target\classes
2025-10-09 13:08:53,135 [Worker-59: Building] INFO  o.a.m.s.f.DefaultMavenResourcesFiltering - Copying 0 resource from src\main\resources to target\classes
2025-10-09 13:08:53,136 [Worker-59: Building] INFO  o.a.m.s.f.DefaultMavenResourcesFiltering - skip non existing resourceDirectory E:\ongoing\AllSpring_25Aug25_23Oct25_11to1\budget-tracker\step1\bta-txns-service\src\test\resources
2025-10-09 13:09:00,480 [Worker-61: Building] INFO  o.a.m.s.f.DefaultMavenResourcesFiltering - Copying 1 resource from src\main\resources to target\classes
2025-10-09 13:09:00,484 [Worker-61: Building] INFO  o.a.m.s.f.DefaultMavenResourcesFiltering - Copying 0 resource from src\main\resources to target\classes
2025-10-09 13:09:00,485 [Worker-61: Building] INFO  o.a.m.s.f.DefaultMavenResourcesFiltering - skip non existing resourceDirectory E:\ongoing\AllSpring_25Aug25_23Oct25_11to1\budget-tracker\step1\bta-txns-service\src\test\resources
2025-10-10 11:13:34,596 [Worker-7: Loading available Gradle versions] INFO  o.e.b.c.i.u.g.PublishedGradleVersions - Gradle version information cache is out-of-date. Trying to update.
2025-10-10 11:40:18,987 [Worker-22: Building] INFO  o.a.m.s.f.DefaultMavenResourcesFiltering - Copying 1 resource from src\main\resources to target\classes
2025-10-10 11:40:19,000 [Worker-22: Building] INFO  o.a.m.s.f.DefaultMavenResourcesFiltering - Copying 0 resource from src\main\resources to target\classes
2025-10-10 11:40:19,004 [Worker-22: Building] INFO  o.a.m.s.f.DefaultMavenResourcesFiltering - skip non existing resourceDirectory E:\ongoing\AllSpring_25Aug25_23Oct25_11to1\budget-tracker\step1\bta-txns-service\src\test\resources
2025-10-10 11:40:21,447 [Worker-19: Building] INFO  o.a.m.s.f.DefaultMavenResourcesFiltering - Copying 1 resource from src\main\resources to target\classes
2025-10-10 11:40:21,450 [Worker-19: Building] INFO  o.a.m.s.f.DefaultMavenResourcesFiltering - Copying 0 resource from src\main\resources to target\classes
2025-10-10 11:40:21,451 [Worker-19: Building] INFO  o.a.m.s.f.DefaultMavenResourcesFiltering - skip non existing resourceDirectory E:\ongoing\AllSpring_25Aug25_23Oct25_11to1\budget-tracker\step1\bta-txns-service\src\test\resources
2025-10-10 11:40:38,072 [Worker-6: Building] INFO  o.a.m.s.f.DefaultMavenResourcesFiltering - Copying 1 resource from src\main\resources to target\classes
2025-10-10 11:40:38,075 [Worker-6: Building] INFO  o.a.m.s.f.DefaultMavenResourcesFiltering - Copying 0 resource from src\main\resources to target\classes
2025-10-10 11:40:38,076 [Worker-6: Building] INFO  o.a.m.s.f.DefaultMavenResourcesFiltering - skip non existing resourceDirectory E:\ongoing\AllSpring_25Aug25_23Oct25_11to1\budget-tracker\step1\bta-txns-service\src\test\resources
2025-10-10 11:47:06,319 [Worker-28: Building] INFO  o.a.m.s.f.DefaultMavenResourcesFiltering - Copying 1 resource from src\main\resources to target\classes
2025-10-10 11:47:06,323 [Worker-28: Building] INFO  o.a.m.s.f.DefaultMavenResourcesFiltering - Copying 0 resource from src\main\resources to target\classes
2025-10-10 11:47:06,324 [Worker-28: Building] INFO  o.a.m.s.f.DefaultMavenResourcesFiltering - skip non existing resourceDirectory E:\ongoing\AllSpring_25Aug25_23Oct25_11to1\budget-tracker\step1\bta-txns-service\src\test\resources
2025-10-10 11:47:20,740 [Worker-27: Building] INFO  o.a.m.s.f.DefaultMavenResourcesFiltering - Copying 1 resource from src\main\resources to target\classes
2025-10-10 11:47:20,744 [Worker-27: Building] INFO  o.a.m.s.f.DefaultMavenResourcesFiltering - Copying 0 resource from src\main\resources to target\classes
2025-10-10 11:47:20,745 [Worker-27: Building] INFO  o.a.m.s.f.DefaultMavenResourcesFiltering - skip non existing resourceDirectory E:\ongoing\AllSpring_25Aug25_23Oct25_11to1\budget-tracker\step1\bta-txns-service\src\test\resources
2025-10-10 11:48:07,676 [Worker-27: Building] INFO  o.a.m.s.f.DefaultMavenResourcesFiltering - Copying 1 resource from src\main\resources to target\classes
2025-10-10 11:48:07,679 [Worker-27: Building] INFO  o.a.m.s.f.DefaultMavenResourcesFiltering - Copying 0 resource from src\main\resources to target\classes
2025-10-10 11:48:07,679 [Worker-27: Building] INFO  o.a.m.s.f.DefaultMavenResourcesFiltering - skip non existing resourceDirectory E:\ongoing\AllSpring_25Aug25_23Oct25_11to1\budget-tracker\step1\bta-txns-service\src\test\resources
2025-10-10 11:53:48,877 [Worker-31: Building] INFO  o.a.m.s.f.DefaultMavenResourcesFiltering - Copying 1 resource from src\main\resources to target\classes
2025-10-10 11:53:48,881 [Worker-31: Building] INFO  o.a.m.s.f.DefaultMavenResourcesFiltering - Copying 0 resource from src\main\resources to target\classes
2025-10-10 11:53:48,882 [Worker-31: Building] INFO  o.a.m.s.f.DefaultMavenResourcesFiltering - skip non existing resourceDirectory E:\ongoing\AllSpring_25Aug25_23Oct25_11to1\budget-tracker\step1\bta-txns-service\src\test\resources
2025-10-10 11:53:52,768 [Worker-6: Building] INFO  o.a.m.s.f.DefaultMavenResourcesFiltering - Copying 1 resource from src\main\resources to target\classes
2025-10-10 11:53:52,772 [Worker-6: Building] INFO  o.a.m.s.f.DefaultMavenResourcesFiltering - Copying 0 resource from src\main\resources to target\classes
2025-10-10 11:53:52,774 [Worker-6: Building] INFO  o.a.m.s.f.DefaultMavenResourcesFiltering - skip non existing resourceDirectory E:\ongoing\AllSpring_25Aug25_23Oct25_11to1\budget-tracker\step1\bta-txns-service\src\test\resources
2025-10-10 11:58:46,215 [Worker-33: Building] INFO  o.a.m.s.f.DefaultMavenResourcesFiltering - Copying 1 resource from src\main\resources to target\classes
2025-10-10 11:58:46,219 [Worker-33: Building] INFO  o.a.m.s.f.DefaultMavenResourcesFiltering - Copying 0 resource from src\main\resources to target\classes
2025-10-10 11:58:46,220 [Worker-33: Building] INFO  o.a.m.s.f.DefaultMavenResourcesFiltering - skip non existing resourceDirectory E:\ongoing\AllSpring_25Aug25_23Oct25_11to1\budget-tracker\step1\bta-txns-service\src\test\resources
2025-10-10 12:26:42,606 [Worker-39: Building] INFO  o.a.m.s.f.DefaultMavenResourcesFiltering - Copying 1 resource from src\main\resources to target\classes
2025-10-10 12:26:42,609 [Worker-39: Building] INFO  o.a.m.s.f.DefaultMavenResourcesFiltering - Copying 0 resource from src\main\resources to target\classes
2025-10-10 12:26:42,610 [Worker-39: Building] INFO  o.a.m.s.f.DefaultMavenResourcesFiltering - skip non existing resourceDirectory E:\ongoing\AllSpring_25Aug25_23Oct25_11to1\budget-tracker\step1\bta-txns-service\src\test\resources
2025-10-10 12:34:35,638 [Worker-41: Building] INFO  o.a.m.s.f.DefaultMavenResourcesFiltering - Copying 1 resource from src\main\resources to target\classes
2025-10-10 12:34:35,643 [Worker-41: Building] INFO  o.a.m.s.f.DefaultMavenResourcesFiltering - Copying 0 resource from src\main\resources to target\classes
2025-10-10 12:34:35,644 [Worker-41: Building] INFO  o.a.m.s.f.DefaultMavenResourcesFiltering - skip non existing resourceDirectory E:\ongoing\AllSpring_25Aug25_23Oct25_11to1\budget-tracker\step1\bta-txns-service\src\test\resources
2025-10-10 12:50:44,629 [Worker-43: Building] INFO  o.a.m.s.f.DefaultMavenResourcesFiltering - Copying 1 resource from src\main\resources to target\classes
2025-10-10 12:50:44,642 [Worker-43: Building] INFO  o.a.m.s.f.DefaultMavenResourcesFiltering - Copying 0 resource from src\main\resources to target\classes
2025-10-10 12:50:44,644 [Worker-43: Building] INFO  o.a.m.s.f.DefaultMavenResourcesFiltering - skip non existing resourceDirectory E:\ongoing\AllSpring_25Aug25_23Oct25_11to1\budget-tracker\step1\bta-statement-service\src\test\resources
2025-10-10 12:51:03,710 [Worker-40: Building] INFO  o.a.m.s.f.DefaultMavenResourcesFiltering - Copying 1 resource from src\main\resources to target\classes
2025-10-10 12:51:03,714 [Worker-40: Building] INFO  o.a.m.s.f.DefaultMavenResourcesFiltering - Copying 0 resource from src\main\resources to target\classes
2025-10-10 12:51:03,715 [Worker-40: Building] INFO  o.a.m.s.f.DefaultMavenResourcesFiltering - skip non existing resourceDirectory E:\ongoing\AllSpring_25Aug25_23Oct25_11to1\budget-tracker\step1\bta-statement-service\src\test\resources
2025-10-10 12:51:18,099 [Worker-43: Building] INFO  o.a.m.s.f.DefaultMavenResourcesFiltering - Copying 1 resource from src\main\resources to target\classes
2025-10-10 12:51:18,101 [Worker-43: Building] INFO  o.a.m.s.f.DefaultMavenResourcesFiltering - Copying 0 resource from src\main\resources to target\classes
2025-10-10 12:51:18,102 [Worker-43: Building] INFO  o.a.m.s.f.DefaultMavenResourcesFiltering - skip non existing resourceDirectory E:\ongoing\AllSpring_25Aug25_23Oct25_11to1\budget-tracker\step1\bta-statement-service\src\test\resources
2025-10-10 12:51:34,984 [Worker-45: Building] INFO  o.a.m.s.f.DefaultMavenResourcesFiltering - Copying 1 resource from src\main\resources to target\classes
2025-10-10 12:51:34,987 [Worker-45: Building] INFO  o.a.m.s.f.DefaultMavenResourcesFiltering - Copying 0 resource from src\main\resources to target\classes
2025-10-10 12:51:34,989 [Worker-45: Building] INFO  o.a.m.s.f.DefaultMavenResourcesFiltering - skip non existing resourceDirectory E:\ongoing\AllSpring_25Aug25_23Oct25_11to1\budget-tracker\step1\bta-statement-service\src\test\resources
2025-10-10 12:51:49,660 [Worker-45: Building] INFO  o.a.m.s.f.DefaultMavenResourcesFiltering - Copying 1 resource from src\main\resources to target\classes
2025-10-10 12:51:49,663 [Worker-45: Building] INFO  o.a.m.s.f.DefaultMavenResourcesFiltering - Copying 0 resource from src\main\resources to target\classes
2025-10-10 12:51:49,664 [Worker-45: Building] INFO  o.a.m.s.f.DefaultMavenResourcesFiltering - skip non existing resourceDirectory E:\ongoing\AllSpring_25Aug25_23Oct25_11to1\budget-tracker\step1\bta-statement-service\src\test\resources
2025-10-10 12:56:32,184 [Worker-47: Building] INFO  o.a.m.s.f.DefaultMavenResourcesFiltering - Copying 1 resource from src\main\resources to target\classes
2025-10-10 12:56:32,188 [Worker-47: Building] INFO  o.a.m.s.f.DefaultMavenResourcesFiltering - Copying 0 resource from src\main\resources to target\classes
2025-10-10 12:56:32,188 [Worker-47: Building] INFO  o.a.m.s.f.DefaultMavenResourcesFiltering - skip non existing resourceDirectory E:\ongoing\AllSpring_25Aug25_23Oct25_11to1\budget-tracker\step1\bta-statement-service\src\test\resources
2025-10-10 13:01:02,188 [Worker-51: Building] INFO  o.a.m.s.f.DefaultMavenResourcesFiltering - Copying 1 resource from src\main\resources to target\classes
2025-10-10 13:01:02,192 [Worker-51: Building] INFO  o.a.m.s.f.DefaultMavenResourcesFiltering - Copying 0 resource from src\main\resources to target\classes
2025-10-10 13:01:02,193 [Worker-51: Building] INFO  o.a.m.s.f.DefaultMavenResourcesFiltering - skip non existing resourceDirectory E:\ongoing\AllSpring_25Aug25_23Oct25_11to1\budget-tracker\step1\bta-statement-service\src\test\resources
2025-10-10 13:01:21,619 [Worker-48: Building] INFO  o.a.m.s.f.DefaultMavenResourcesFiltering - Copying 1 resource from src\main\resources to target\classes
2025-10-10 13:01:21,622 [Worker-48: Building] INFO  o.a.m.s.f.DefaultMavenResourcesFiltering - Copying 0 resource from src\main\resources to target\classes
2025-10-10 13:01:21,624 [Worker-48: Building] INFO  o.a.m.s.f.DefaultMavenResourcesFiltering - skip non existing resourceDirectory E:\ongoing\AllSpring_25Aug25_23Oct25_11to1\budget-tracker\step1\bta-statement-service\src\test\resources
2025-10-10 13:05:06,841 [Worker-54: Building] INFO  o.a.m.s.f.DefaultMavenResourcesFiltering - Copying 1 resource from src\main\resources to target\classes
2025-10-10 13:05:06,846 [Worker-54: Building] INFO  o.a.m.s.f.DefaultMavenResourcesFiltering - Copying 0 resource from src\main\resources to target\classes
2025-10-10 13:05:06,847 [Worker-54: Building] INFO  o.a.m.s.f.DefaultMavenResourcesFiltering - skip non existing resourceDirectory E:\ongoing\AllSpring_25Aug25_23Oct25_11to1\budget-tracker\step1\bta-statement-service\src\test\resources
2025-10-10 13:05:28,414 [Worker-53: Building] INFO  o.a.m.s.f.DefaultMavenResourcesFiltering - Copying 1 resource from src\main\resources to target\classes
2025-10-10 13:05:28,418 [Worker-53: Building] INFO  o.a.m.s.f.DefaultMavenResourcesFiltering - Copying 0 resource from src\main\resources to target\classes
2025-10-10 13:05:28,419 [Worker-53: Building] INFO  o.a.m.s.f.DefaultMavenResourcesFiltering - skip non existing resourceDirectory E:\ongoing\AllSpring_25Aug25_23Oct25_11to1\budget-tracker\step1\bta-statement-service\src\test\resources
2025-10-10 13:08:37,848 [Worker-53: Building] INFO  o.a.m.s.f.DefaultMavenResourcesFiltering - Copying 1 resource from src\main\resources to target\classes
2025-10-10 13:08:37,850 [Worker-53: Building] INFO  o.a.m.s.f.DefaultMavenResourcesFiltering - Copying 0 resource from src\main\resources to target\classes
2025-10-10 13:08:37,851 [Worker-53: Building] INFO  o.a.m.s.f.DefaultMavenResourcesFiltering - skip non existing resourceDirectory E:\ongoing\AllSpring_25Aug25_23Oct25_11to1\budget-tracker\step1\bta-statement-service\src\test\resources
2025-10-10 13:11:13,781 [Worker-53: Building] INFO  o.a.m.s.f.DefaultMavenResourcesFiltering - Copying 1 resource from src\main\resources to target\classes
2025-10-10 13:11:13,788 [Worker-53: Building] INFO  o.a.m.s.f.DefaultMavenResourcesFiltering - Copying 0 resource from src\main\resources to target\classes
2025-10-10 13:11:13,789 [Worker-53: Building] INFO  o.a.m.s.f.DefaultMavenResourcesFiltering - skip non existing resourceDirectory E:\ongoing\AllSpring_25Aug25_23Oct25_11to1\budget-tracker\step1\bta-statement-service\src\test\resources
2025-10-10 13:11:32,772 [Worker-62: Building] INFO  o.a.m.s.f.DefaultMavenResourcesFiltering - Copying 1 resource from src\main\resources to target\classes
2025-10-10 13:11:32,774 [Worker-62: Building] INFO  o.a.m.s.f.DefaultMavenResourcesFiltering - Copying 0 resource from src\main\resources to target\classes
2025-10-10 13:11:32,776 [Worker-62: Building] INFO  o.a.m.s.f.DefaultMavenResourcesFiltering - skip non existing resourceDirectory E:\ongoing\AllSpring_25Aug25_23Oct25_11to1\budget-tracker\step1\bta-statement-service\src\test\resources
2025-10-10 13:11:52,361 [Worker-60: Building] INFO  o.a.m.s.f.DefaultMavenResourcesFiltering - Copying 1 resource from src\main\resources to target\classes
2025-10-10 13:11:52,363 [Worker-60: Building] INFO  o.a.m.s.f.DefaultMavenResourcesFiltering - Copying 0 resource from src\main\resources to target\classes
2025-10-10 13:11:52,364 [Worker-60: Building] INFO  o.a.m.s.f.DefaultMavenResourcesFiltering - skip non existing resourceDirectory E:\ongoing\AllSpring_25Aug25_23Oct25_11to1\budget-tracker\step1\bta-statement-service\src\test\resources
2025-10-10 13:12:18,591 [Worker-62: Building] INFO  o.a.m.s.f.DefaultMavenResourcesFiltering - Copying 1 resource from src\main\resources to target\classes
2025-10-10 13:12:18,595 [Worker-62: Building] INFO  o.a.m.s.f.DefaultMavenResourcesFiltering - Copying 0 resource from src\main\resources to target\classes
2025-10-10 13:12:18,595 [Worker-62: Building] INFO  o.a.m.s.f.DefaultMavenResourcesFiltering - skip non existing resourceDirectory E:\ongoing\AllSpring_25Aug25_23Oct25_11to1\budget-tracker\step1\bta-statement-service\src\test\resources
2025-10-10 13:12:35,645 [Worker-61: Building] INFO  o.a.m.s.f.DefaultMavenResourcesFiltering - Copying 1 resource from src\main\resources to target\classes
2025-10-10 13:12:35,647 [Worker-61: Building] INFO  o.a.m.s.f.DefaultMavenResourcesFiltering - Copying 0 resource from src\main\resources to target\classes
2025-10-10 13:12:35,649 [Worker-61: Building] INFO  o.a.m.s.f.DefaultMavenResourcesFiltering - skip non existing resourceDirectory E:\ongoing\AllSpring_25Aug25_23Oct25_11to1\budget-tracker\step1\bta-statement-service\src\test\resources
2025-10-10 13:13:00,751 [Worker-56: Building] INFO  o.a.m.s.f.DefaultMavenResourcesFiltering - Copying 1 resource from src\main\resources to target\classes
2025-10-10 13:13:00,755 [Worker-56: Building] INFO  o.a.m.s.f.DefaultMavenResourcesFiltering - Copying 0 resource from src\main\resources to target\classes
2025-10-10 13:13:00,756 [Worker-56: Building] INFO  o.a.m.s.f.DefaultMavenResourcesFiltering - skip non existing resourceDirectory E:\ongoing\AllSpring_25Aug25_23Oct25_11to1\budget-tracker\step1\bta-statement-service\src\test\resources
2025-10-10 13:20:51,070 [Worker-66: Building] INFO  o.a.m.s.f.DefaultMavenResourcesFiltering - Copying 1 resource from src\main\resources to target\classes
2025-10-10 13:20:51,074 [Worker-66: Building] INFO  o.a.m.s.f.DefaultMavenResourcesFiltering - Copying 0 resource from src\main\resources to target\classes
2025-10-10 13:20:51,075 [Worker-66: Building] INFO  o.a.m.s.f.DefaultMavenResourcesFiltering - skip non existing resourceDirectory E:\ongoing\AllSpring_25Aug25_23Oct25_11to1\budget-tracker\step1\bta-statement-service\src\test\resources
2025-10-10 13:22:46,269 [Worker-70: Building] INFO  o.a.m.s.f.DefaultMavenResourcesFiltering - Copying 1 resource from src\main\resources to target\classes
2025-10-10 13:22:46,273 [Worker-70: Building] INFO  o.a.m.s.f.DefaultMavenResourcesFiltering - Copying 0 resource from src\main\resources to target\classes
2025-10-10 13:22:46,274 [Worker-70: Building] INFO  o.a.m.s.f.DefaultMavenResourcesFiltering - skip non existing resourceDirectory E:\ongoing\AllSpring_25Aug25_23Oct25_11to1\budget-tracker\step1\bta-statement-service\src\test\resources
2025-10-10 13:23:13,444 [Worker-69: Building] INFO  o.a.m.s.f.DefaultMavenResourcesFiltering - Copying 1 resource from src\main\resources to target\classes
2025-10-10 13:23:13,448 [Worker-69: Building] INFO  o.a.m.s.f.DefaultMavenResourcesFiltering - Copying 0 resource from src\main\resources to target\classes
2025-10-10 13:23:13,449 [Worker-69: Building] INFO  o.a.m.s.f.DefaultMavenResourcesFiltering - skip non existing resourceDirectory E:\ongoing\AllSpring_25Aug25_23Oct25_11to1\budget-tracker\step1\bta-statement-service\src\test\resources
2025-10-10 13:24:02,900 [Worker-67: Building] INFO  o.a.m.s.f.DefaultMavenResourcesFiltering - Copying 1 resource from src\main\resources to target\classes
2025-10-10 13:24:02,904 [Worker-67: Building] INFO  o.a.m.s.f.DefaultMavenResourcesFiltering - Copying 0 resource from src\main\resources to target\classes
2025-10-10 13:24:02,905 [Worker-67: Building] INFO  o.a.m.s.f.DefaultMavenResourcesFiltering - skip non existing resourceDirectory E:\ongoing\AllSpring_25Aug25_23Oct25_11to1\budget-tracker\step1\bta-statement-service\src\test\resources
2025-10-13 11:21:25,965 [Worker-7: Loading available Gradle versions] INFO  o.e.b.c.i.u.g.PublishedGradleVersions - Gradle version information cache is out-of-date. Trying to update.
2025-10-13 11:42:06,186 [Worker-20: Building] INFO  o.a.m.s.f.DefaultMavenResourcesFiltering - Copying 1 resource from src\main\resources to target\classes
2025-10-13 11:42:06,200 [Worker-20: Building] INFO  o.a.m.s.f.DefaultMavenResourcesFiltering - Copying 0 resource from src\main\resources to target\classes
2025-10-13 11:42:06,204 [Worker-20: Building] INFO  o.a.m.s.f.DefaultMavenResourcesFiltering - skip non existing resourceDirectory E:\ongoing\AllSpring_25Aug25_23Oct25_11to1\budget-tracker\step1\bta-statement-service\src\test\resources
2025-10-13 11:42:10,726 [Worker-11: Building] INFO  o.a.m.s.f.DefaultMavenResourcesFiltering - Copying 1 resource from src\main\resources to target\classes
2025-10-13 11:42:10,729 [Worker-11: Building] INFO  o.a.m.s.f.DefaultMavenResourcesFiltering - Copying 0 resource from src\main\resources to target\classes
2025-10-13 11:42:10,731 [Worker-11: Building] INFO  o.a.m.s.f.DefaultMavenResourcesFiltering - skip non existing resourceDirectory E:\ongoing\AllSpring_25Aug25_23Oct25_11to1\budget-tracker\step1\bta-statement-service\src\test\resources
2025-10-13 11:42:16,644 [Worker-11: Building] INFO  o.a.m.s.f.DefaultMavenResourcesFiltering - Copying 1 resource from src\main\resources to target\classes
2025-10-13 11:42:16,647 [Worker-11: Building] INFO  o.a.m.s.f.DefaultMavenResourcesFiltering - Copying 0 resource from src\main\resources to target\classes
2025-10-13 11:42:16,648 [Worker-11: Building] INFO  o.a.m.s.f.DefaultMavenResourcesFiltering - skip non existing resourceDirectory E:\ongoing\AllSpring_25Aug25_23Oct25_11to1\budget-tracker\step1\bta-statement-service\src\test\resources
2025-10-13 11:48:03,997 [Worker-25: Building] INFO  o.a.m.s.f.DefaultMavenResourcesFiltering - Copying 1 resource from src\main\resources to target\classes
2025-10-13 11:48:04,001 [Worker-25: Building] INFO  o.a.m.s.f.DefaultMavenResourcesFiltering - Copying 0 resource from src\main\resources to target\classes
2025-10-13 11:48:04,002 [Worker-25: Building] INFO  o.a.m.s.f.DefaultMavenResourcesFiltering - skip non existing resourceDirectory E:\ongoing\AllSpring_25Aug25_23Oct25_11to1\budget-tracker\step1\bta-statement-service\src\test\resources
2025-10-13 11:48:14,335 [Worker-25: Building] INFO  o.a.m.s.f.DefaultMavenResourcesFiltering - Copying 1 resource from src\main\resources to target\classes
2025-10-13 11:48:14,338 [Worker-25: Building] INFO  o.a.m.s.f.DefaultMavenResourcesFiltering - Copying 0 resource from src\main\resources to target\classes
2025-10-13 11:48:14,339 [Worker-25: Building] INFO  o.a.m.s.f.DefaultMavenResourcesFiltering - skip non existing resourceDirectory E:\ongoing\AllSpring_25Aug25_23Oct25_11to1\budget-tracker\step1\bta-statement-service\src\test\resources
2025-10-16 10:51:31,974 [Worker-7: Loading available Gradle versions] INFO  o.e.b.c.i.u.g.PublishedGradleVersions - Gradle version information cache is up-to-date. Trying to read.
2025-10-16 10:53:34,912 [Worker-11: Creating project "bta-accounts-service"] INFO  o.e.m.c.i.l.LifecycleMappingFactory - Using org.eclipse.m2e.jdt.JarLifecycleMapping lifecycle mapping for MavenProject: com.bta:bta-accounts-service:0.0.1-SNAPSHOT @ E:\ongoing\AllSpring_25Aug25_23Oct25_11to1\budget-tracker\step1\bta-parent\bta-accounts-service\pom.xml.
2025-10-16 10:53:35,404 [Worker-11: Creating project "bta-accounts-service"] INFO  o.e.m.j.i.AbstractJavaProjectConfigurator - Adding source folder /bta-accounts-service/src/main/java
2025-10-16 10:53:35,404 [Worker-11: Creating project "bta-accounts-service"] INFO  o.e.m.j.i.AbstractJavaProjectConfigurator - Adding resource folder /bta-accounts-service/src/main/resources
2025-10-16 10:53:35,405 [Worker-11: Creating project "bta-accounts-service"] INFO  o.e.m.j.i.AbstractJavaProjectConfigurator - Adding resource folder /bta-accounts-service/src/main/resources
2025-10-16 10:53:35,406 [Worker-11: Creating project "bta-accounts-service"] INFO  o.e.m.j.i.AbstractJavaProjectConfigurator - Adding source folder /bta-accounts-service/src/test/java
2025-10-16 10:53:35,407 [Worker-11: Creating project "bta-accounts-service"] INFO  o.e.m.j.i.AbstractJavaProjectConfigurator - Adding resource folder /bta-accounts-service/src/test/resources
2025-10-16 10:55:28,601 [Worker-7: Building] INFO  o.e.m.c.i.l.LifecycleMappingFactory - Using org.eclipse.m2e.jdt.JarLifecycleMapping lifecycle mapping for MavenProject: com.bta:bta-accounts-service:0.0.1-SNAPSHOT @ E:\ongoing\AllSpring_25Aug25_23Oct25_11to1\budget-tracker\step1\bta-parent\bta-accounts-service\pom.xml.
2025-10-16 10:55:28,844 [Worker-7: Building] INFO  o.a.m.s.f.DefaultMavenResourcesFiltering - Copying 0 resource from src\main\resources to target\classes
2025-10-16 10:55:28,844 [Worker-7: Building] INFO  o.a.m.s.f.DefaultMavenResourcesFiltering - Copying 0 resource from src\main\resources to target\classes
2025-10-16 10:55:28,845 [Worker-7: Building] INFO  o.a.m.s.f.DefaultMavenResourcesFiltering - Copying 0 resource from src\test\resources to target\test-classes
2025-10-16 10:55:30,093 [Worker-6: Building] INFO  o.a.m.s.f.DefaultMavenResourcesFiltering - Copying 1 resource from src\main\resources to target\classes
2025-10-16 10:55:30,119 [Worker-6: Building] INFO  o.a.m.s.f.DefaultMavenResourcesFiltering - Copying 0 resource from src\main\resources to target\classes
2025-10-16 10:55:30,121 [Worker-6: Building] INFO  o.a.m.s.f.DefaultMavenResourcesFiltering - Copying 0 resource from src\test\resources to target\test-classes
2025-10-16 10:56:20,695 [Worker-3: Creating project "bta-txns-service"] INFO  o.e.m.c.i.l.LifecycleMappingFactory - Using org.eclipse.m2e.jdt.JarLifecycleMapping lifecycle mapping for MavenProject: com.bta:bta-txns-service:0.0.1-SNAPSHOT @ E:\ongoing\AllSpring_25Aug25_23Oct25_11to1\budget-tracker\step1\bta-parent\bta-txns-service\pom.xml.
2025-10-16 10:56:20,824 [Worker-3: Creating project "bta-txns-service"] INFO  o.e.m.j.i.AbstractJavaProjectConfigurator - Adding source folder /bta-txns-service/src/main/java
2025-10-16 10:56:20,824 [Worker-3: Creating project "bta-txns-service"] INFO  o.e.m.j.i.AbstractJavaProjectConfigurator - Adding resource folder /bta-txns-service/src/main/resources
2025-10-16 10:56:20,825 [Worker-3: Creating project "bta-txns-service"] INFO  o.e.m.j.i.AbstractJavaProjectConfigurator - Adding resource folder /bta-txns-service/src/main/resources
2025-10-16 10:56:20,826 [Worker-3: Creating project "bta-txns-service"] INFO  o.e.m.j.i.AbstractJavaProjectConfigurator - Adding source folder /bta-txns-service/src/test/java
2025-10-16 10:56:20,826 [Worker-3: Creating project "bta-txns-service"] INFO  o.e.m.j.i.AbstractJavaProjectConfigurator - Adding resource folder /bta-txns-service/src/test/resources
2025-10-16 10:56:21,107 [Worker-10: Building] INFO  o.a.m.s.f.DefaultMavenResourcesFiltering - Copying 0 resource from src\main\resources to target\classes
2025-10-16 10:56:21,107 [Worker-10: Building] INFO  o.a.m.s.f.DefaultMavenResourcesFiltering - Copying 0 resource from src\main\resources to target\classes
2025-10-16 10:56:21,108 [Worker-10: Building] INFO  o.a.m.s.f.DefaultMavenResourcesFiltering - Copying 0 resource from src\test\resources to target\test-classes
2025-10-16 10:56:39,219 [Worker-7: Building] INFO  o.e.m.c.i.l.LifecycleMappingFactory - Using NULL lifecycle mapping for MavenProject: com.bta:bta-parent:0.0.1-SNAPSHOT @ E:\ongoing\AllSpring_25Aug25_23Oct25_11to1\budget-tracker\step1\bta-parent\pom.xml.
2025-10-16 10:56:39,305 [Worker-7: Building] INFO  o.e.m.c.i.l.LifecycleMappingFactory - Using org.eclipse.m2e.jdt.JarLifecycleMapping lifecycle mapping for MavenProject: com.bta:bta-accounts-service:0.0.1-SNAPSHOT @ E:\ongoing\AllSpring_25Aug25_23Oct25_11to1\budget-tracker\step1\bta-parent\bta-accounts-service\pom.xml.
2025-10-16 10:56:39,343 [Worker-7: Building] INFO  o.e.m.c.i.l.LifecycleMappingFactory - Using org.eclipse.m2e.jdt.JarLifecycleMapping lifecycle mapping for MavenProject: com.bta:bta-txns-service:0.0.1-SNAPSHOT @ E:\ongoing\AllSpring_25Aug25_23Oct25_11to1\budget-tracker\step1\bta-parent\bta-txns-service\pom.xml.
2025-10-16 10:56:39,590 [Worker-7: Building] INFO  o.a.m.s.f.DefaultMavenResourcesFiltering - Copying 0 resource from src\main\resources to target\classes
2025-10-16 10:56:39,591 [Worker-7: Building] INFO  o.a.m.s.f.DefaultMavenResourcesFiltering - Copying 0 resource from src\main\resources to target\classes
2025-10-16 10:56:39,591 [Worker-7: Building] INFO  o.a.m.s.f.DefaultMavenResourcesFiltering - Copying 0 resource from src\test\resources to target\test-classes
2025-10-16 10:56:40,604 [Worker-12: Building] INFO  o.a.m.s.f.DefaultMavenResourcesFiltering - Copying 0 resource from src\main\resources to target\classes
2025-10-16 10:56:40,605 [Worker-12: Building] INFO  o.a.m.s.f.DefaultMavenResourcesFiltering - Copying 0 resource from src\main\resources to target\classes
2025-10-16 10:56:40,605 [Worker-12: Building] INFO  o.a.m.s.f.DefaultMavenResourcesFiltering - Copying 0 resource from src\test\resources to target\test-classes
2025-10-16 10:57:07,785 [Worker-3: Building] INFO  o.e.m.c.i.l.LifecycleMappingFactory - Using org.eclipse.m2e.jdt.JarLifecycleMapping lifecycle mapping for MavenProject: com.bta:bta-txns-service:0.0.1-SNAPSHOT @ E:\ongoing\AllSpring_25Aug25_23Oct25_11to1\budget-tracker\step1\bta-parent\bta-txns-service\pom.xml.
2025-10-16 10:57:07,963 [Worker-3: Building] INFO  o.a.m.s.f.DefaultMavenResourcesFiltering - Copying 0 resource from src\main\resources to target\classes
2025-10-16 10:57:07,963 [Worker-3: Building] INFO  o.a.m.s.f.DefaultMavenResourcesFiltering - Copying 0 resource from src\main\resources to target\classes
2025-10-16 10:57:07,964 [Worker-3: Building] INFO  o.a.m.s.f.DefaultMavenResourcesFiltering - Copying 0 resource from src\test\resources to target\test-classes
2025-10-16 10:57:09,176 [Worker-7: Building] INFO  o.a.m.s.f.DefaultMavenResourcesFiltering - Copying 0 resource from src\main\resources to target\classes
2025-10-16 10:57:09,177 [Worker-7: Building] INFO  o.a.m.s.f.DefaultMavenResourcesFiltering - Copying 0 resource from src\main\resources to target\classes
2025-10-16 10:57:09,178 [Worker-7: Building] INFO  o.a.m.s.f.DefaultMavenResourcesFiltering - Copying 0 resource from src\test\resources to target\test-classes
2025-10-16 10:57:28,692 [Worker-11: Building] INFO  o.a.m.s.f.DefaultMavenResourcesFiltering - Copying 0 resource from src\main\resources to target\classes
2025-10-16 10:57:28,692 [Worker-11: Building] INFO  o.a.m.s.f.DefaultMavenResourcesFiltering - Copying 0 resource from src\main\resources to target\classes
2025-10-16 10:57:28,693 [Worker-11: Building] INFO  o.a.m.s.f.DefaultMavenResourcesFiltering - Copying 0 resource from src\test\resources to target\test-classes
2025-10-16 10:57:41,297 [Worker-13: Building] INFO  o.a.m.s.f.DefaultMavenResourcesFiltering - Copying 1 resource from src\main\resources to target\classes
2025-10-16 10:57:41,304 [Worker-13: Building] INFO  o.a.m.s.f.DefaultMavenResourcesFiltering - Copying 0 resource from src\main\resources to target\classes
2025-10-16 10:57:41,305 [Worker-13: Building] INFO  o.a.m.s.f.DefaultMavenResourcesFiltering - Copying 0 resource from src\test\resources to target\test-classes
2025-10-16 10:58:39,099 [Worker-14: Creating project "bta-statement-service"] INFO  o.e.m.c.i.l.LifecycleMappingFactory - Using org.eclipse.m2e.jdt.JarLifecycleMapping lifecycle mapping for MavenProject: com.bta:bta-statement-service:0.0.1-SNAPSHOT @ E:\ongoing\AllSpring_25Aug25_23Oct25_11to1\budget-tracker\step1\bta-parent\bta-statement-service\pom.xml.
2025-10-16 10:58:39,223 [Worker-14: Creating project "bta-statement-service"] INFO  o.e.m.j.i.AbstractJavaProjectConfigurator - Adding source folder /bta-statement-service/src/main/java
2025-10-16 10:58:39,223 [Worker-14: Creating project "bta-statement-service"] INFO  o.e.m.j.i.AbstractJavaProjectConfigurator - Adding resource folder /bta-statement-service/src/main/resources
2025-10-16 10:58:39,224 [Worker-14: Creating project "bta-statement-service"] INFO  o.e.m.j.i.AbstractJavaProjectConfigurator - Adding resource folder /bta-statement-service/src/main/resources
2025-10-16 10:58:39,225 [Worker-14: Creating project "bta-statement-service"] INFO  o.e.m.j.i.AbstractJavaProjectConfigurator - Adding source folder /bta-statement-service/src/test/java
2025-10-16 10:58:39,225 [Worker-14: Creating project "bta-statement-service"] INFO  o.e.m.j.i.AbstractJavaProjectConfigurator - Adding resource folder /bta-statement-service/src/test/resources
2025-10-16 10:58:39,512 [Worker-8: Building] INFO  o.a.m.s.f.DefaultMavenResourcesFiltering - Copying 0 resource from src\main\resources to target\classes
2025-10-16 10:58:39,513 [Worker-8: Building] INFO  o.a.m.s.f.DefaultMavenResourcesFiltering - Copying 0 resource from src\main\resources to target\classes
2025-10-16 10:58:39,514 [Worker-8: Building] INFO  o.a.m.s.f.DefaultMavenResourcesFiltering - Copying 0 resource from src\test\resources to target\test-classes
2025-10-16 10:58:40,812 [Worker-9: Building] INFO  o.e.m.c.i.l.LifecycleMappingFactory - Using NULL lifecycle mapping for MavenProject: com.bta:bta-parent:0.0.1-SNAPSHOT @ E:\ongoing\AllSpring_25Aug25_23Oct25_11to1\budget-tracker\step1\bta-parent\pom.xml.
2025-10-16 10:58:40,903 [Worker-9: Building] INFO  o.e.m.c.i.l.LifecycleMappingFactory - Using org.eclipse.m2e.jdt.JarLifecycleMapping lifecycle mapping for MavenProject: com.bta:bta-accounts-service:0.0.1-SNAPSHOT @ E:\ongoing\AllSpring_25Aug25_23Oct25_11to1\budget-tracker\step1\bta-parent\bta-accounts-service\pom.xml.
2025-10-16 10:58:40,950 [Worker-9: Building] INFO  o.e.m.c.i.l.LifecycleMappingFactory - Using org.eclipse.m2e.jdt.JarLifecycleMapping lifecycle mapping for MavenProject: com.bta:bta-txns-service:0.0.1-SNAPSHOT @ E:\ongoing\AllSpring_25Aug25_23Oct25_11to1\budget-tracker\step1\bta-parent\bta-txns-service\pom.xml.
2025-10-16 10:58:40,970 [Worker-9: Building] INFO  o.e.m.c.i.l.LifecycleMappingFactory - Using org.eclipse.m2e.jdt.JarLifecycleMapping lifecycle mapping for MavenProject: com.bta:bta-statement-service:0.0.1-SNAPSHOT @ E:\ongoing\AllSpring_25Aug25_23Oct25_11to1\budget-tracker\step1\bta-parent\bta-statement-service\pom.xml.
2025-10-16 10:58:41,368 [Worker-9: Building] INFO  o.a.m.s.f.DefaultMavenResourcesFiltering - Copying 0 resource from src\main\resources to target\classes
2025-10-16 10:58:41,368 [Worker-9: Building] INFO  o.a.m.s.f.DefaultMavenResourcesFiltering - Copying 0 resource from src\main\resources to target\classes
2025-10-16 10:58:41,370 [Worker-9: Building] INFO  o.a.m.s.f.DefaultMavenResourcesFiltering - Copying 0 resource from src\test\resources to target\test-classes
2025-10-16 10:58:41,376 [Worker-9: Building] INFO  o.a.m.s.f.DefaultMavenResourcesFiltering - Copying 0 resource from src\main\resources to target\classes
2025-10-16 10:58:41,377 [Worker-9: Building] INFO  o.a.m.s.f.DefaultMavenResourcesFiltering - Copying 0 resource from src\main\resources to target\classes
2025-10-16 10:58:41,378 [Worker-9: Building] INFO  o.a.m.s.f.DefaultMavenResourcesFiltering - Copying 0 resource from src\test\resources to target\test-classes
2025-10-16 10:58:42,448 [Worker-5: Building] INFO  o.a.m.s.f.DefaultMavenResourcesFiltering - Copying 0 resource from src\main\resources to target\classes
2025-10-16 10:58:42,448 [Worker-5: Building] INFO  o.a.m.s.f.DefaultMavenResourcesFiltering - Copying 0 resource from src\main\resources to target\classes
2025-10-16 10:58:42,449 [Worker-5: Building] INFO  o.a.m.s.f.DefaultMavenResourcesFiltering - Copying 0 resource from src\test\resources to target\test-classes
2025-10-16 10:59:19,236 [Worker-0: Building] INFO  o.e.m.c.i.l.LifecycleMappingFactory - Using org.eclipse.m2e.jdt.JarLifecycleMapping lifecycle mapping for MavenProject: com.bta:bta-statement-service:0.0.1-SNAPSHOT @ E:\ongoing\AllSpring_25Aug25_23Oct25_11to1\budget-tracker\step1\bta-parent\bta-statement-service\pom.xml.
2025-10-16 10:59:19,383 [Worker-0: Building] INFO  o.a.m.s.f.DefaultMavenResourcesFiltering - Copying 0 resource from src\main\resources to target\classes
2025-10-16 10:59:19,383 [Worker-0: Building] INFO  o.a.m.s.f.DefaultMavenResourcesFiltering - Copying 0 resource from src\main\resources to target\classes
2025-10-16 10:59:19,383 [Worker-0: Building] INFO  o.a.m.s.f.DefaultMavenResourcesFiltering - Copying 0 resource from src\test\resources to target\test-classes
2025-10-16 10:59:20,499 [Worker-9: Building] INFO  o.a.m.s.f.DefaultMavenResourcesFiltering - Copying 0 resource from src\main\resources to target\classes
2025-10-16 10:59:20,499 [Worker-9: Building] INFO  o.a.m.s.f.DefaultMavenResourcesFiltering - Copying 0 resource from src\main\resources to target\classes
2025-10-16 10:59:20,500 [Worker-9: Building] INFO  o.a.m.s.f.DefaultMavenResourcesFiltering - Copying 0 resource from src\test\resources to target\test-classes
2025-10-16 10:59:32,546 [Worker-2: Building] INFO  o.a.m.s.f.DefaultMavenResourcesFiltering - Copying 1 resource from src\main\resources to target\classes
2025-10-16 10:59:32,552 [Worker-2: Building] INFO  o.a.m.s.f.DefaultMavenResourcesFiltering - Copying 0 resource from src\main\resources to target\classes
2025-10-16 10:59:32,553 [Worker-2: Building] INFO  o.a.m.s.f.DefaultMavenResourcesFiltering - Copying 0 resource from src\test\resources to target\test-classes
2025-10-16 10:59:45,864 [Worker-8: Building] INFO  o.a.m.s.f.DefaultMavenResourcesFiltering - Copying 1 resource from src\main\resources to target\classes
2025-10-16 10:59:45,868 [Worker-8: Building] INFO  o.a.m.s.f.DefaultMavenResourcesFiltering - Copying 0 resource from src\main\resources to target\classes
2025-10-16 10:59:45,869 [Worker-8: Building] INFO  o.a.m.s.f.DefaultMavenResourcesFiltering - Copying 0 resource from src\test\resources to target\test-classes
2025-10-16 11:00:00,384 [Worker-12: Building] INFO  o.e.m.c.i.l.LifecycleMappingFactory - Using NULL lifecycle mapping for MavenProject: com.bta:bta-parent:0.0.1-SNAPSHOT @ E:\ongoing\AllSpring_25Aug25_23Oct25_11to1\budget-tracker\step1\bta-parent\pom.xml.
2025-10-16 11:00:00,459 [Worker-12: Building] INFO  o.e.m.c.i.l.LifecycleMappingFactory - Using org.eclipse.m2e.jdt.JarLifecycleMapping lifecycle mapping for MavenProject: com.bta:bta-txns-service:0.0.1-SNAPSHOT @ E:\ongoing\AllSpring_25Aug25_23Oct25_11to1\budget-tracker\step1\bta-parent\bta-txns-service\pom.xml.
2025-10-16 11:00:00,492 [Worker-12: Building] INFO  o.e.m.c.i.l.LifecycleMappingFactory - Using org.eclipse.m2e.jdt.JarLifecycleMapping lifecycle mapping for MavenProject: com.bta:bta-accounts-service:0.0.1-SNAPSHOT @ E:\ongoing\AllSpring_25Aug25_23Oct25_11to1\budget-tracker\step1\bta-parent\bta-accounts-service\pom.xml.
2025-10-16 11:00:00,512 [Worker-12: Building] INFO  o.e.m.c.i.l.LifecycleMappingFactory - Using org.eclipse.m2e.jdt.JarLifecycleMapping lifecycle mapping for MavenProject: com.bta:bta-statement-service:0.0.1-SNAPSHOT @ E:\ongoing\AllSpring_25Aug25_23Oct25_11to1\budget-tracker\step1\bta-parent\bta-statement-service\pom.xml.
2025-10-16 11:00:00,850 [Worker-12: Building] INFO  o.a.m.s.f.DefaultMavenResourcesFiltering - Copying 0 resource from src\main\resources to target\classes
2025-10-16 11:00:00,850 [Worker-12: Building] INFO  o.a.m.s.f.DefaultMavenResourcesFiltering - Copying 0 resource from src\main\resources to target\classes
2025-10-16 11:00:00,851 [Worker-12: Building] INFO  o.a.m.s.f.DefaultMavenResourcesFiltering - Copying 0 resource from src\test\resources to target\test-classes
2025-10-16 11:00:00,856 [Worker-12: Building] INFO  o.a.m.s.f.DefaultMavenResourcesFiltering - Copying 0 resource from src\main\resources to target\classes
2025-10-16 11:00:00,856 [Worker-12: Building] INFO  o.a.m.s.f.DefaultMavenResourcesFiltering - Copying 0 resource from src\main\resources to target\classes
2025-10-16 11:00:00,857 [Worker-12: Building] INFO  o.a.m.s.f.DefaultMavenResourcesFiltering - Copying 0 resource from src\test\resources to target\test-classes
2025-10-16 11:00:01,921 [Worker-12: Building] INFO  o.a.m.s.f.DefaultMavenResourcesFiltering - Copying 0 resource from src\main\resources to target\classes
2025-10-16 11:00:01,921 [Worker-12: Building] INFO  o.a.m.s.f.DefaultMavenResourcesFiltering - Copying 0 resource from src\main\resources to target\classes
2025-10-16 11:00:01,921 [Worker-12: Building] INFO  o.a.m.s.f.DefaultMavenResourcesFiltering - Copying 0 resource from src\test\resources to target\test-classes
2025-10-16 11:00:10,278 [Worker-7: Updating Maven Project] INFO  o.e.m.c.i.p.ProjectConfigurationManager - Update started
2025-10-16 11:00:10,531 [Worker-7: Updating Maven Project] INFO  o.e.m.c.i.l.LifecycleMappingFactory - Using NULL lifecycle mapping for MavenProject: com.bta:bta-parent:0.0.1-SNAPSHOT @ E:\ongoing\AllSpring_25Aug25_23Oct25_11to1\budget-tracker\step1\bta-parent\pom.xml.
2025-10-16 11:00:10,612 [Worker-7: Updating Maven Project] INFO  o.e.m.c.i.l.LifecycleMappingFactory - Using org.eclipse.m2e.jdt.JarLifecycleMapping lifecycle mapping for MavenProject: com.bta:bta-accounts-service:0.0.1-SNAPSHOT @ E:\ongoing\AllSpring_25Aug25_23Oct25_11to1\budget-tracker\step1\bta-parent\bta-accounts-service\pom.xml.
2025-10-16 11:00:10,644 [Worker-7: Updating Maven Project] INFO  o.e.m.c.i.l.LifecycleMappingFactory - Using org.eclipse.m2e.jdt.JarLifecycleMapping lifecycle mapping for MavenProject: com.bta:bta-statement-service:0.0.1-SNAPSHOT @ E:\ongoing\AllSpring_25Aug25_23Oct25_11to1\budget-tracker\step1\bta-parent\bta-statement-service\pom.xml.
2025-10-16 11:00:10,660 [Worker-7: Updating Maven Project] INFO  o.e.m.c.i.l.LifecycleMappingFactory - Using org.eclipse.m2e.jdt.JarLifecycleMapping lifecycle mapping for MavenProject: com.bta:bta-txns-service:0.0.1-SNAPSHOT @ E:\ongoing\AllSpring_25Aug25_23Oct25_11to1\budget-tracker\step1\bta-parent\bta-txns-service\pom.xml.
2025-10-16 11:00:10,961 [Worker-7: Updating Maven Project] INFO  o.e.m.j.i.AbstractJavaProjectConfigurator - Adding source folder /bta-accounts-service/src/main/java
2025-10-16 11:00:10,961 [Worker-7: Updating Maven Project] INFO  o.e.m.j.i.AbstractJavaProjectConfigurator - Adding resource folder /bta-accounts-service/src/main/resources
2025-10-16 11:00:10,961 [Worker-7: Updating Maven Project] INFO  o.e.m.j.i.AbstractJavaProjectConfigurator - Adding resource folder /bta-accounts-service/src/main/resources
2025-10-16 11:00:10,961 [Worker-7: Updating Maven Project] INFO  o.e.m.j.i.AbstractJavaProjectConfigurator - Adding source folder /bta-accounts-service/src/test/java
2025-10-16 11:00:10,961 [Worker-7: Updating Maven Project] INFO  o.e.m.j.i.AbstractJavaProjectConfigurator - Adding resource folder /bta-accounts-service/src/test/resources
2025-10-16 11:00:11,074 [Worker-7: Updating Maven Project] INFO  o.e.m.j.i.AbstractJavaProjectConfigurator - Adding source folder /bta-statement-service/src/main/java
2025-10-16 11:00:11,074 [Worker-7: Updating Maven Project] INFO  o.e.m.j.i.AbstractJavaProjectConfigurator - Adding resource folder /bta-statement-service/src/main/resources
2025-10-16 11:00:11,074 [Worker-7: Updating Maven Project] INFO  o.e.m.j.i.AbstractJavaProjectConfigurator - Adding resource folder /bta-statement-service/src/main/resources
2025-10-16 11:00:11,074 [Worker-7: Updating Maven Project] INFO  o.e.m.j.i.AbstractJavaProjectConfigurator - Adding source folder /bta-statement-service/src/test/java
2025-10-16 11:00:11,074 [Worker-7: Updating Maven Project] INFO  o.e.m.j.i.AbstractJavaProjectConfigurator - Adding resource folder /bta-statement-service/src/test/resources
2025-10-16 11:00:11,165 [Worker-7: Updating Maven Project] INFO  o.e.m.j.i.AbstractJavaProjectConfigurator - Adding source folder /bta-txns-service/src/main/java
2025-10-16 11:00:11,165 [Worker-7: Updating Maven Project] INFO  o.e.m.j.i.AbstractJavaProjectConfigurator - Adding resource folder /bta-txns-service/src/main/resources
2025-10-16 11:00:11,165 [Worker-7: Updating Maven Project] INFO  o.e.m.j.i.AbstractJavaProjectConfigurator - Adding resource folder /bta-txns-service/src/main/resources
2025-10-16 11:00:11,165 [Worker-7: Updating Maven Project] INFO  o.e.m.j.i.AbstractJavaProjectConfigurator - Adding source folder /bta-txns-service/src/test/java
2025-10-16 11:00:11,165 [Worker-7: Updating Maven Project] INFO  o.e.m.j.i.AbstractJavaProjectConfigurator - Adding resource folder /bta-txns-service/src/test/resources
2025-10-16 11:00:11,320 [Worker-7: Updating Maven Project] INFO  o.e.m.c.i.p.ProjectConfigurationManager - Update completed for 4 poms: local refresh takes 0.00 sec, refresh facades takes 0.00 sec, update config takes 0.00 sec 
2025-10-16 11:00:53,808 [main] INFO  o.e.m2e.actions.ExecutePomAction - Creating new launch configuration
2025-10-16 11:00:58,961 [Worker-10: Launching bta-parent] INFO  o.eclipse.m2e.core.internal.Bundles - getClasspathEntries(Bundle=org.eclipse.m2e.maven.runtime_3.8.604.20221130-2149 [345])
2025-10-16 11:00:58,963 [Worker-10: Launching bta-parent] INFO  o.eclipse.m2e.core.internal.Bundles - 	Entry: C:\sts-4.17.2.RELEASE\plugins\org.eclipse.m2e.maven.runtime_3.8.604.20221130-2149
2025-10-16 11:00:58,963 [Worker-10: Launching bta-parent] INFO  o.eclipse.m2e.core.internal.Bundles - 	Entry: C:\sts-4.17.2.RELEASE\plugins\org.eclipse.m2e.maven.runtime_3.8.604.20221130-2149\jars\aether-connector-okhttp-0.17.8.jar
2025-10-16 11:00:58,963 [Worker-10: Launching bta-parent] INFO  o.eclipse.m2e.core.internal.Bundles - 	Entry: C:\sts-4.17.2.RELEASE\plugins\org.eclipse.m2e.maven.runtime_3.8.604.20221130-2149\jars\commons-cli-1.4.jar
2025-10-16 11:00:58,963 [Worker-10: Launching bta-parent] INFO  o.eclipse.m2e.core.internal.Bundles - 	Entry: C:\sts-4.17.2.RELEASE\plugins\org.eclipse.m2e.maven.runtime_3.8.604.20221130-2149\jars\commons-io-2.6.jar
2025-10-16 11:00:58,963 [Worker-10: Launching bta-parent] INFO  o.eclipse.m2e.core.internal.Bundles - 	Entry: C:\sts-4.17.2.RELEASE\plugins\org.eclipse.m2e.maven.runtime_3.8.604.20221130-2149\jars\commons-lang3-3.8.1.jar
2025-10-16 11:00:58,963 [Worker-10: Launching bta-parent] INFO  o.eclipse.m2e.core.internal.Bundles - 	Entry: C:\sts-4.17.2.RELEASE\plugins\org.eclipse.m2e.maven.runtime_3.8.604.20221130-2149\jars\guice-4.2.2-no_aop.jar
2025-10-16 11:00:58,963 [Worker-10: Launching bta-parent] INFO  o.eclipse.m2e.core.internal.Bundles - 	Entry: C:\sts-4.17.2.RELEASE\plugins\org.eclipse.m2e.maven.runtime_3.8.604.20221130-2149\jars\jansi-2.4.0.jar
2025-10-16 11:00:58,963 [Worker-10: Launching bta-parent] INFO  o.eclipse.m2e.core.internal.Bundles - 	Entry: C:\sts-4.17.2.RELEASE\plugins\org.eclipse.m2e.maven.runtime_3.8.604.20221130-2149\jars\maven-artifact-3.8.6.jar
2025-10-16 11:00:58,963 [Worker-10: Launching bta-parent] INFO  o.eclipse.m2e.core.internal.Bundles - 	Entry: C:\sts-4.17.2.RELEASE\plugins\org.eclipse.m2e.maven.runtime_3.8.604.20221130-2149\jars\maven-builder-support-3.8.6.jar
2025-10-16 11:00:58,963 [Worker-10: Launching bta-parent] INFO  o.eclipse.m2e.core.internal.Bundles - 	Entry: C:\sts-4.17.2.RELEASE\plugins\org.eclipse.m2e.maven.runtime_3.8.604.20221130-2149\jars\maven-compat-3.8.6.jar
2025-10-16 11:00:58,963 [Worker-10: Launching bta-parent] INFO  o.eclipse.m2e.core.internal.Bundles - 	Entry: C:\sts-4.17.2.RELEASE\plugins\org.eclipse.m2e.maven.runtime_3.8.604.20221130-2149\jars\maven-core-3.8.6.jar
2025-10-16 11:00:58,963 [Worker-10: Launching bta-parent] INFO  o.eclipse.m2e.core.internal.Bundles - 	Entry: C:\sts-4.17.2.RELEASE\plugins\org.eclipse.m2e.maven.runtime_3.8.604.20221130-2149\jars\maven-embedder-3.8.6.jar
2025-10-16 11:00:58,963 [Worker-10: Launching bta-parent] INFO  o.eclipse.m2e.core.internal.Bundles - 	Entry: C:\sts-4.17.2.RELEASE\plugins\org.eclipse.m2e.maven.runtime_3.8.604.20221130-2149\jars\maven-model-3.8.6.jar
2025-10-16 11:00:58,963 [Worker-10: Launching bta-parent] INFO  o.eclipse.m2e.core.internal.Bundles - 	Entry: C:\sts-4.17.2.RELEASE\plugins\org.eclipse.m2e.maven.runtime_3.8.604.20221130-2149\jars\maven-model-builder-3.8.6.jar
2025-10-16 11:00:58,963 [Worker-10: Launching bta-parent] INFO  o.eclipse.m2e.core.internal.Bundles - 	Entry: C:\sts-4.17.2.RELEASE\plugins\org.eclipse.m2e.maven.runtime_3.8.604.20221130-2149\jars\maven-plugin-api-3.8.6.jar
2025-10-16 11:00:58,963 [Worker-10: Launching bta-parent] INFO  o.eclipse.m2e.core.internal.Bundles - 	Entry: C:\sts-4.17.2.RELEASE\plugins\org.eclipse.m2e.maven.runtime_3.8.604.20221130-2149\jars\maven-repository-metadata-3.8.6.jar
2025-10-16 11:00:58,963 [Worker-10: Launching bta-parent] INFO  o.eclipse.m2e.core.internal.Bundles - 	Entry: C:\sts-4.17.2.RELEASE\plugins\org.eclipse.m2e.maven.runtime_3.8.604.20221130-2149\jars\maven-resolver-api-1.6.3.jar
2025-10-16 11:00:58,963 [Worker-10: Launching bta-parent] INFO  o.eclipse.m2e.core.internal.Bundles - 	Entry: C:\sts-4.17.2.RELEASE\plugins\org.eclipse.m2e.maven.runtime_3.8.604.20221130-2149\jars\maven-resolver-connector-basic-1.6.3.jar
2025-10-16 11:00:58,964 [Worker-10: Launching bta-parent] INFO  o.eclipse.m2e.core.internal.Bundles - 	Entry: C:\sts-4.17.2.RELEASE\plugins\org.eclipse.m2e.maven.runtime_3.8.604.20221130-2149\jars\maven-resolver-impl-1.6.3.jar
2025-10-16 11:00:58,964 [Worker-10: Launching bta-parent] INFO  o.eclipse.m2e.core.internal.Bundles - 	Entry: C:\sts-4.17.2.RELEASE\plugins\org.eclipse.m2e.maven.runtime_3.8.604.20221130-2149\jars\maven-resolver-provider-3.8.6.jar
2025-10-16 11:00:58,964 [Worker-10: Launching bta-parent] INFO  o.eclipse.m2e.core.internal.Bundles - 	Entry: C:\sts-4.17.2.RELEASE\plugins\org.eclipse.m2e.maven.runtime_3.8.604.20221130-2149\jars\maven-resolver-spi-1.6.3.jar
2025-10-16 11:00:58,964 [Worker-10: Launching bta-parent] INFO  o.eclipse.m2e.core.internal.Bundles - 	Entry: C:\sts-4.17.2.RELEASE\plugins\org.eclipse.m2e.maven.runtime_3.8.604.20221130-2149\jars\maven-resolver-transport-wagon-1.6.3.jar
2025-10-16 11:00:58,964 [Worker-10: Launching bta-parent] INFO  o.eclipse.m2e.core.internal.Bundles - 	Entry: C:\sts-4.17.2.RELEASE\plugins\org.eclipse.m2e.maven.runtime_3.8.604.20221130-2149\jars\maven-resolver-util-1.6.3.jar
2025-10-16 11:00:58,964 [Worker-10: Launching bta-parent] INFO  o.eclipse.m2e.core.internal.Bundles - 	Entry: C:\sts-4.17.2.RELEASE\plugins\org.eclipse.m2e.maven.runtime_3.8.604.20221130-2149\jars\maven-settings-3.8.6.jar
2025-10-16 11:00:58,964 [Worker-10: Launching bta-parent] INFO  o.eclipse.m2e.core.internal.Bundles - 	Entry: C:\sts-4.17.2.RELEASE\plugins\org.eclipse.m2e.maven.runtime_3.8.604.20221130-2149\jars\maven-settings-builder-3.8.6.jar
2025-10-16 11:00:58,964 [Worker-10: Launching bta-parent] INFO  o.eclipse.m2e.core.internal.Bundles - 	Entry: C:\sts-4.17.2.RELEASE\plugins\org.eclipse.m2e.maven.runtime_3.8.604.20221130-2149\jars\maven-shared-utils-3.3.4.jar
2025-10-16 11:00:58,964 [Worker-10: Launching bta-parent] INFO  o.eclipse.m2e.core.internal.Bundles - 	Entry: C:\sts-4.17.2.RELEASE\plugins\org.eclipse.m2e.maven.runtime_3.8.604.20221130-2149\jars\okhttp-3.14.1.jar
2025-10-16 11:00:58,964 [Worker-10: Launching bta-parent] INFO  o.eclipse.m2e.core.internal.Bundles - 	Entry: C:\sts-4.17.2.RELEASE\plugins\org.eclipse.m2e.maven.runtime_3.8.604.20221130-2149\jars\okio-1.17.3.jar
2025-10-16 11:00:58,964 [Worker-10: Launching bta-parent] INFO  o.eclipse.m2e.core.internal.Bundles - 	Entry: C:\sts-4.17.2.RELEASE\plugins\org.eclipse.m2e.maven.runtime_3.8.604.20221130-2149\jars\org.eclipse.sisu.inject-0.3.5.jar
2025-10-16 11:00:58,964 [Worker-10: Launching bta-parent] INFO  o.eclipse.m2e.core.internal.Bundles - 	Entry: C:\sts-4.17.2.RELEASE\plugins\org.eclipse.m2e.maven.runtime_3.8.604.20221130-2149\jars\org.eclipse.sisu.plexus-0.3.5.jar
2025-10-16 11:00:58,964 [Worker-10: Launching bta-parent] INFO  o.eclipse.m2e.core.internal.Bundles - 	Entry: C:\sts-4.17.2.RELEASE\plugins\org.eclipse.m2e.maven.runtime_3.8.604.20221130-2149\jars\plexus-build-api-0.0.7.jar
2025-10-16 11:00:58,964 [Worker-10: Launching bta-parent] INFO  o.eclipse.m2e.core.internal.Bundles - 	Entry: C:\sts-4.17.2.RELEASE\plugins\org.eclipse.m2e.maven.runtime_3.8.604.20221130-2149\jars\plexus-cipher-2.0.jar
2025-10-16 11:00:58,964 [Worker-10: Launching bta-parent] INFO  o.eclipse.m2e.core.internal.Bundles - 	Entry: C:\sts-4.17.2.RELEASE\plugins\org.eclipse.m2e.maven.runtime_3.8.604.20221130-2149\jars\plexus-classworlds-2.6.0.jar
2025-10-16 11:00:58,964 [Worker-10: Launching bta-parent] INFO  o.eclipse.m2e.core.internal.Bundles - 	Entry: C:\sts-4.17.2.RELEASE\plugins\org.eclipse.m2e.maven.runtime_3.8.604.20221130-2149\jars\plexus-component-annotations-2.1.0.jar
2025-10-16 11:00:58,964 [Worker-10: Launching bta-parent] INFO  o.eclipse.m2e.core.internal.Bundles - 	Entry: C:\sts-4.17.2.RELEASE\plugins\org.eclipse.m2e.maven.runtime_3.8.604.20221130-2149\jars\plexus-interpolation-1.26.jar
2025-10-16 11:00:58,964 [Worker-10: Launching bta-parent] INFO  o.eclipse.m2e.core.internal.Bundles - 	Entry: C:\sts-4.17.2.RELEASE\plugins\org.eclipse.m2e.maven.runtime_3.8.604.20221130-2149\jars\plexus-sec-dispatcher-2.0.jar
2025-10-16 11:00:58,964 [Worker-10: Launching bta-parent] INFO  o.eclipse.m2e.core.internal.Bundles - 	Entry: C:\sts-4.17.2.RELEASE\plugins\org.eclipse.m2e.maven.runtime_3.8.604.20221130-2149\jars\plexus-utils-3.3.1.jar
2025-10-16 11:00:58,964 [Worker-10: Launching bta-parent] INFO  o.eclipse.m2e.core.internal.Bundles - 	Entry: C:\sts-4.17.2.RELEASE\plugins\org.eclipse.m2e.maven.runtime_3.8.604.20221130-2149\jars\wagon-file-3.5.1.jar
2025-10-16 11:00:58,964 [Worker-10: Launching bta-parent] INFO  o.eclipse.m2e.core.internal.Bundles - 	Entry: C:\sts-4.17.2.RELEASE\plugins\org.eclipse.m2e.maven.runtime_3.8.604.20221130-2149\jars\wagon-provider-api-3.5.1.jar
2025-10-16 11:00:58,965 [Worker-10: Launching bta-parent] INFO  o.eclipse.m2e.core.internal.Bundles - getClasspathEntries(Bundle=com.google.guava_30.1.0.v20221112-0806 [22])
2025-10-16 11:00:58,965 [Worker-10: Launching bta-parent] INFO  o.eclipse.m2e.core.internal.Bundles - 	Entry: C:\sts-4.17.2.RELEASE\plugins\com.google.guava_30.1.0.v20221112-0806.jar
2025-10-16 11:00:58,965 [Worker-10: Launching bta-parent] INFO  o.eclipse.m2e.core.internal.Bundles - getClasspathEntries(Bundle=slf4j.api_1.7.36 [584])
2025-10-16 11:00:58,966 [Worker-10: Launching bta-parent] INFO  o.eclipse.m2e.core.internal.Bundles - 	Entry: C:\sts-4.17.2.RELEASE\plugins\slf4j.api_1.7.36.jar
2025-10-16 11:00:58,966 [Worker-10: Launching bta-parent] INFO  o.eclipse.m2e.core.internal.Bundles - getClasspathEntries(Bundle=javax.inject_1.0.0.v20220405-0441 [49])
2025-10-16 11:00:58,966 [Worker-10: Launching bta-parent] INFO  o.eclipse.m2e.core.internal.Bundles - 	Entry: C:\sts-4.17.2.RELEASE\plugins\javax.inject_1.0.0.v20220405-0441.jar
2025-10-16 11:00:58,966 [Worker-10: Launching bta-parent] INFO  o.eclipse.m2e.core.internal.Bundles - getClasspathEntries(Bundle=javax.annotation_1.3.5.v20221112-0806 [47])
2025-10-16 11:00:58,966 [Worker-10: Launching bta-parent] INFO  o.eclipse.m2e.core.internal.Bundles - 	Entry: C:\sts-4.17.2.RELEASE\plugins\javax.annotation_1.3.5.v20221112-0806.jar
2025-10-16 11:00:58,967 [Worker-10: Launching bta-parent] INFO  o.e.m.i.launch.MavenLaunchDelegate - Run build in "E:\ongoing\AllSpring_25Aug25_23Oct25_11to1\budget-tracker\step1\bta-parent":
2025-10-16 11:00:58,968 [Worker-10: Launching bta-parent] INFO  o.e.m.i.launch.MavenLaunchDelegate -  mvn  -Ppom.xml -B -Dstyle.color=always clean package
2025-10-16 11:04:12,336 [main] INFO  o.e.m2e.actions.ExecutePomAction - Using existing launch configuration
2025-10-16 11:04:12,341 [Worker-11: Launching bta-parent] INFO  o.e.m.i.launch.MavenLaunchDelegate - Run build in "E:\ongoing\AllSpring_25Aug25_23Oct25_11to1\budget-tracker\step1\bta-parent":
2025-10-16 11:04:12,341 [Worker-11: Launching bta-parent] INFO  o.e.m.i.launch.MavenLaunchDelegate -  mvn  -Ppom.xml -B -Dstyle.color=always clean package
2025-10-16 11:05:32,691 [main] INFO  o.e.m2e.actions.ExecutePomAction - Creating new launch configuration
2025-10-16 11:05:37,838 [Worker-0: Launching bta-txns-service] INFO  o.e.m.i.launch.MavenLaunchDelegate - Run build in "E:\ongoing\AllSpring_25Aug25_23Oct25_11to1\budget-tracker\step1\bta-parent\bta-txns-service":
2025-10-16 11:05:37,838 [Worker-0: Launching bta-txns-service] INFO  o.e.m.i.launch.MavenLaunchDelegate -  mvn  -B -Dstyle.color=always clean package
2025-10-16 11:06:16,846 [main] INFO  o.e.m2e.actions.ExecutePomAction - Creating new launch configuration
2025-10-16 11:06:21,956 [Worker-6: Launching bta-accounts-service] INFO  o.e.m.i.launch.MavenLaunchDelegate - Run build in "E:\ongoing\AllSpring_25Aug25_23Oct25_11to1\budget-tracker\step1\bta-parent\bta-accounts-service":
2025-10-16 11:06:21,956 [Worker-6: Launching bta-accounts-service] INFO  o.e.m.i.launch.MavenLaunchDelegate -  mvn  -B -Dstyle.color=always clean package
2025-10-16 11:07:01,591 [main] INFO  o.e.m2e.actions.ExecutePomAction - Using existing launch configuration
2025-10-16 11:07:01,598 [Worker-2: Launching bta-accounts-service] INFO  o.e.m.i.launch.MavenLaunchDelegate - Run build in "E:\ongoing\AllSpring_25Aug25_23Oct25_11to1\budget-tracker\step1\bta-parent\bta-accounts-service":
2025-10-16 11:07:01,598 [Worker-2: Launching bta-accounts-service] INFO  o.e.m.i.launch.MavenLaunchDelegate -  mvn  -B -Dstyle.color=always clean package
2025-10-16 11:09:50,429 [main] INFO  o.e.m2e.actions.ExecutePomAction - Using existing launch configuration
2025-10-16 11:09:50,433 [Worker-7: Launching bta-accounts-service] INFO  o.e.m.i.launch.MavenLaunchDelegate - Run build in "E:\ongoing\AllSpring_25Aug25_23Oct25_11to1\budget-tracker\step1\bta-parent\bta-accounts-service":
2025-10-16 11:09:50,433 [Worker-7: Launching bta-accounts-service] INFO  o.e.m.i.launch.MavenLaunchDelegate -  mvn  -B -Dstyle.color=always clean package
2025-10-16 11:10:01,082 [main] INFO  o.e.m2e.actions.ExecutePomAction - Using existing launch configuration
2025-10-16 11:10:01,099 [Worker-17: Launching bta-txns-service] INFO  o.e.m.i.launch.MavenLaunchDelegate - Run build in "E:\ongoing\AllSpring_25Aug25_23Oct25_11to1\budget-tracker\step1\bta-parent\bta-txns-service":
2025-10-16 11:10:01,099 [Worker-17: Launching bta-txns-service] INFO  o.e.m.i.launch.MavenLaunchDelegate -  mvn  -B -Dstyle.color=always clean package
2025-10-16 11:12:49,209 [main] INFO  o.e.m2e.actions.ExecutePomAction - Using existing launch configuration
2025-10-16 11:12:49,226 [Worker-19: Launching bta-accounts-service] INFO  o.e.m.i.launch.MavenLaunchDelegate - Run build in "E:\ongoing\AllSpring_25Aug25_23Oct25_11to1\budget-tracker\step1\bta-parent\bta-accounts-service":
2025-10-16 11:12:49,226 [Worker-19: Launching bta-accounts-service] INFO  o.e.m.i.launch.MavenLaunchDelegate -  mvn  -B -Dstyle.color=always clean package
2025-10-16 11:13:25,740 [main] INFO  o.e.m2e.actions.ExecutePomAction - Using existing launch configuration
2025-10-16 11:13:25,745 [Worker-9: Launching bta-txns-service] INFO  o.e.m.i.launch.MavenLaunchDelegate - Run build in "E:\ongoing\AllSpring_25Aug25_23Oct25_11to1\budget-tracker\step1\bta-parent\bta-txns-service":
2025-10-16 11:13:25,745 [Worker-9: Launching bta-txns-service] INFO  o.e.m.i.launch.MavenLaunchDelegate -  mvn  -B -Dstyle.color=always clean package
2025-10-16 11:14:55,487 [main] INFO  o.e.m2e.actions.ExecutePomAction - Using existing launch configuration
2025-10-16 11:14:55,491 [Worker-9: Launching bta-txns-service] INFO  o.e.m.i.launch.MavenLaunchDelegate - Run build in "E:\ongoing\AllSpring_25Aug25_23Oct25_11to1\budget-tracker\step1\bta-parent\bta-txns-service":
2025-10-16 11:14:55,491 [Worker-9: Launching bta-txns-service] INFO  o.e.m.i.launch.MavenLaunchDelegate -  mvn  -B -Dstyle.color=always clean package
2025-10-16 11:15:15,620 [main] INFO  o.e.m2e.actions.ExecutePomAction - Using existing launch configuration
2025-10-16 11:15:15,625 [Worker-20: Launching bta-txns-service] INFO  o.e.m.i.launch.MavenLaunchDelegate - Run build in "E:\ongoing\AllSpring_25Aug25_23Oct25_11to1\budget-tracker\step1\bta-parent\bta-txns-service":
2025-10-16 11:15:15,626 [Worker-20: Launching bta-txns-service] INFO  o.e.m.i.launch.MavenLaunchDelegate -  mvn  -B -Dstyle.color=always clean package
2025-10-16 11:16:58,953 [Worker-4: Loading available Gradle versions] INFO  o.e.b.c.i.u.g.PublishedGradleVersions - Gradle version information cache is up-to-date. Trying to read.
2025-10-16 11:17:34,301 [Worker-6: Creating project "bta-discovery-service"] INFO  o.e.m.c.i.l.LifecycleMappingFactory - Using org.eclipse.m2e.jdt.JarLifecycleMapping lifecycle mapping for MavenProject: com.bta:bta-discovery-service:0.0.1-SNAPSHOT @ E:\ongoing\AllSpring_25Aug25_23Oct25_11to1\budget-tracker\step2\bta-parent\bta-discovery-service\pom.xml.
2025-10-16 11:17:34,810 [Worker-6: Creating project "bta-discovery-service"] INFO  o.e.m.j.i.AbstractJavaProjectConfigurator - Adding source folder /bta-discovery-service/src/main/java
2025-10-16 11:17:34,810 [Worker-6: Creating project "bta-discovery-service"] INFO  o.e.m.j.i.AbstractJavaProjectConfigurator - Adding resource folder /bta-discovery-service/src/main/resources
2025-10-16 11:17:34,811 [Worker-6: Creating project "bta-discovery-service"] INFO  o.e.m.j.i.AbstractJavaProjectConfigurator - Adding resource folder /bta-discovery-service/src/main/resources
2025-10-16 11:17:34,813 [Worker-6: Creating project "bta-discovery-service"] INFO  o.e.m.j.i.AbstractJavaProjectConfigurator - Adding source folder /bta-discovery-service/src/test/java
2025-10-16 11:17:34,813 [Worker-6: Creating project "bta-discovery-service"] INFO  o.e.m.j.i.AbstractJavaProjectConfigurator - Adding resource folder /bta-discovery-service/src/test/resources
2025-10-16 11:17:37,294 [Worker-9: Building] INFO  o.e.m.c.i.l.LifecycleMappingFactory - Using NULL lifecycle mapping for MavenProject: com.bta:bta-parent:0.0.1-SNAPSHOT @ E:\ongoing\AllSpring_25Aug25_23Oct25_11to1\budget-tracker\step2\bta-parent\pom.xml.
2025-10-16 11:17:37,330 [Worker-9: Building] INFO  o.e.m.c.i.l.LifecycleMappingFactory - Using org.eclipse.m2e.jdt.JarLifecycleMapping lifecycle mapping for MavenProject: com.bta:bta-txns-service:0.0.1-SNAPSHOT @ E:\ongoing\AllSpring_25Aug25_23Oct25_11to1\budget-tracker\step1\bta-parent\bta-txns-service\pom.xml.
2025-10-16 11:17:37,380 [Worker-9: Building] INFO  o.e.m.c.i.l.LifecycleMappingFactory - Using org.eclipse.m2e.jdt.JarLifecycleMapping lifecycle mapping for MavenProject: com.bta:bta-accounts-service:0.0.1-SNAPSHOT @ E:\ongoing\AllSpring_25Aug25_23Oct25_11to1\budget-tracker\step1\bta-parent\bta-accounts-service\pom.xml.
2025-10-16 11:17:37,408 [Worker-9: Building] INFO  o.e.m.c.i.l.LifecycleMappingFactory - Using org.eclipse.m2e.jdt.JarLifecycleMapping lifecycle mapping for MavenProject: com.bta:bta-statement-service:0.0.1-SNAPSHOT @ E:\ongoing\AllSpring_25Aug25_23Oct25_11to1\budget-tracker\step1\bta-parent\bta-statement-service\pom.xml.
2025-10-16 11:17:37,432 [Worker-9: Building] INFO  o.e.m.c.i.l.LifecycleMappingFactory - Using org.eclipse.m2e.jdt.JarLifecycleMapping lifecycle mapping for MavenProject: com.bta:bta-discovery-service:0.0.1-SNAPSHOT @ E:\ongoing\AllSpring_25Aug25_23Oct25_11to1\budget-tracker\step2\bta-parent\bta-discovery-service\pom.xml.
2025-10-16 11:17:37,964 [Worker-9: Building] INFO  o.a.m.s.f.DefaultMavenResourcesFiltering - Copying 1 resource from src\main\resources to target\classes
2025-10-16 11:17:37,972 [Worker-9: Building] INFO  o.a.m.s.f.DefaultMavenResourcesFiltering - Copying 0 resource from src\main\resources to target\classes
2025-10-16 11:17:37,974 [Worker-9: Building] INFO  o.a.m.s.f.DefaultMavenResourcesFiltering - Copying 0 resource from src\test\resources to target\test-classes
2025-10-16 11:17:37,994 [Worker-9: Building] INFO  o.a.m.s.f.DefaultMavenResourcesFiltering - Copying 1 resource from src\main\resources to target\classes
2025-10-16 11:17:37,999 [Worker-9: Building] INFO  o.a.m.s.f.DefaultMavenResourcesFiltering - Copying 0 resource from src\main\resources to target\classes
2025-10-16 11:17:38,001 [Worker-9: Building] INFO  o.a.m.s.f.DefaultMavenResourcesFiltering - Copying 0 resource from src\test\resources to target\test-classes
2025-10-16 11:17:39,028 [Worker-4: Building] INFO  o.a.m.s.f.DefaultMavenResourcesFiltering - Copying 1 resource from src\main\resources to target\classes
2025-10-16 11:17:39,032 [Worker-4: Building] INFO  o.a.m.s.f.DefaultMavenResourcesFiltering - Copying 0 resource from src\main\resources to target\classes
2025-10-16 11:17:39,034 [Worker-4: Building] INFO  o.a.m.s.f.DefaultMavenResourcesFiltering - Copying 0 resource from src\test\resources to target\test-classes
2025-10-16 11:17:39,074 [Worker-4: Building] INFO  o.a.m.s.f.DefaultMavenResourcesFiltering - Copying 0 resource from src\main\resources to target\classes
2025-10-16 11:17:39,074 [Worker-4: Building] INFO  o.a.m.s.f.DefaultMavenResourcesFiltering - Copying 0 resource from src\main\resources to target\classes
2025-10-16 11:17:39,076 [Worker-4: Building] INFO  o.a.m.s.f.DefaultMavenResourcesFiltering - Copying 0 resource from src\test\resources to target\test-classes
2025-10-16 11:18:02,899 [Worker-3: Building] INFO  o.e.m.c.i.l.LifecycleMappingFactory - Using org.eclipse.m2e.jdt.JarLifecycleMapping lifecycle mapping for MavenProject: com.bta:bta-discovery-service:0.0.1-SNAPSHOT @ E:\ongoing\AllSpring_25Aug25_23Oct25_11to1\budget-tracker\step2\bta-parent\bta-discovery-service\pom.xml.
2025-10-16 11:18:03,301 [Worker-3: Building] INFO  o.a.m.s.f.DefaultMavenResourcesFiltering - Copying 0 resource from src\main\resources to target\classes
2025-10-16 11:18:03,301 [Worker-3: Building] INFO  o.a.m.s.f.DefaultMavenResourcesFiltering - Copying 0 resource from src\main\resources to target\classes
2025-10-16 11:18:03,302 [Worker-3: Building] INFO  o.a.m.s.f.DefaultMavenResourcesFiltering - Copying 0 resource from src\test\resources to target\test-classes
2025-10-16 11:18:04,393 [Worker-8: Building] INFO  o.a.m.s.f.DefaultMavenResourcesFiltering - Copying 0 resource from src\main\resources to target\classes
2025-10-16 11:18:04,394 [Worker-8: Building] INFO  o.a.m.s.f.DefaultMavenResourcesFiltering - Copying 0 resource from src\main\resources to target\classes
2025-10-16 11:18:04,395 [Worker-8: Building] INFO  o.a.m.s.f.DefaultMavenResourcesFiltering - Copying 0 resource from src\test\resources to target\test-classes
2025-10-16 11:18:23,922 [Worker-8: Building] INFO  o.a.m.s.f.DefaultMavenResourcesFiltering - Copying 0 resource from src\main\resources to target\classes
2025-10-16 11:18:23,922 [Worker-8: Building] INFO  o.a.m.s.f.DefaultMavenResourcesFiltering - Copying 0 resource from src\main\resources to target\classes
2025-10-16 11:18:23,923 [Worker-8: Building] INFO  o.a.m.s.f.DefaultMavenResourcesFiltering - Copying 0 resource from src\test\resources to target\test-classes
2025-10-16 11:18:34,854 [Worker-8: Building] INFO  o.a.m.s.f.DefaultMavenResourcesFiltering - Copying 1 resource from src\main\resources to target\classes
2025-10-16 11:18:34,860 [Worker-8: Building] INFO  o.a.m.s.f.DefaultMavenResourcesFiltering - Copying 0 resource from src\main\resources to target\classes
2025-10-16 11:18:34,861 [Worker-8: Building] INFO  o.a.m.s.f.DefaultMavenResourcesFiltering - Copying 0 resource from src\test\resources to target\test-classes
2025-10-16 11:18:49,437 [Worker-10: Building] INFO  o.a.m.s.f.DefaultMavenResourcesFiltering - Copying 1 resource from src\main\resources to target\classes
2025-10-16 11:18:49,441 [Worker-10: Building] INFO  o.a.m.s.f.DefaultMavenResourcesFiltering - Copying 0 resource from src\main\resources to target\classes
2025-10-16 11:18:49,442 [Worker-10: Building] INFO  o.a.m.s.f.DefaultMavenResourcesFiltering - Copying 0 resource from src\test\resources to target\test-classes
2025-10-16 11:19:12,763 [Worker-6: Building] INFO  o.a.m.s.f.DefaultMavenResourcesFiltering - Copying 1 resource from src\main\resources to target\classes
2025-10-16 11:19:12,767 [Worker-6: Building] INFO  o.a.m.s.f.DefaultMavenResourcesFiltering - Copying 0 resource from src\main\resources to target\classes
2025-10-16 11:19:12,768 [Worker-6: Building] INFO  o.a.m.s.f.DefaultMavenResourcesFiltering - Copying 0 resource from src\test\resources to target\test-classes
2025-10-16 11:19:18,776 [Worker-9: Building] INFO  o.a.m.s.f.DefaultMavenResourcesFiltering - Copying 1 resource from src\main\resources to target\classes
2025-10-16 11:19:18,781 [Worker-9: Building] INFO  o.a.m.s.f.DefaultMavenResourcesFiltering - Copying 0 resource from src\main\resources to target\classes
2025-10-16 11:19:18,782 [Worker-9: Building] INFO  o.a.m.s.f.DefaultMavenResourcesFiltering - Copying 0 resource from src\test\resources to target\test-classes
2025-10-16 11:19:33,893 [Worker-7: Building] INFO  o.a.m.s.f.DefaultMavenResourcesFiltering - Copying 1 resource from src\main\resources to target\classes
2025-10-16 11:19:33,899 [Worker-7: Building] INFO  o.a.m.s.f.DefaultMavenResourcesFiltering - Copying 0 resource from src\main\resources to target\classes
2025-10-16 11:19:33,900 [Worker-7: Building] INFO  o.a.m.s.f.DefaultMavenResourcesFiltering - Copying 0 resource from src\test\resources to target\test-classes
2025-10-16 11:19:48,137 [Worker-6: Building] INFO  o.a.m.s.f.DefaultMavenResourcesFiltering - Copying 1 resource from src\main\resources to target\classes
2025-10-16 11:19:48,141 [Worker-6: Building] INFO  o.a.m.s.f.DefaultMavenResourcesFiltering - Copying 0 resource from src\main\resources to target\classes
2025-10-16 11:19:48,144 [Worker-6: Building] INFO  o.a.m.s.f.DefaultMavenResourcesFiltering - Copying 0 resource from src\test\resources to target\test-classes
2025-10-16 11:20:03,433 [Worker-2: Building] INFO  o.a.m.s.f.DefaultMavenResourcesFiltering - Copying 1 resource from src\main\resources to target\classes
2025-10-16 11:20:03,437 [Worker-2: Building] INFO  o.a.m.s.f.DefaultMavenResourcesFiltering - Copying 0 resource from src\main\resources to target\classes
2025-10-16 11:20:03,438 [Worker-2: Building] INFO  o.a.m.s.f.DefaultMavenResourcesFiltering - Copying 0 resource from src\test\resources to target\test-classes
2025-10-16 11:20:13,713 [Worker-7: Building] INFO  o.a.m.s.f.DefaultMavenResourcesFiltering - Copying 1 resource from src\main\resources to target\classes
2025-10-16 11:20:13,717 [Worker-7: Building] INFO  o.a.m.s.f.DefaultMavenResourcesFiltering - Copying 0 resource from src\main\resources to target\classes
2025-10-16 11:20:13,718 [Worker-7: Building] INFO  o.a.m.s.f.DefaultMavenResourcesFiltering - Copying 0 resource from src\test\resources to target\test-classes
2025-10-16 11:22:51,822 [Worker-6: Building] INFO  o.e.m.c.i.l.LifecycleMappingFactory - Using NULL lifecycle mapping for MavenProject: com.bta:bta-parent:0.0.1-SNAPSHOT @ E:\ongoing\AllSpring_25Aug25_23Oct25_11to1\budget-tracker\step2\bta-parent\pom.xml.
2025-10-16 11:22:51,945 [Worker-6: Building] INFO  o.e.m.c.i.l.LifecycleMappingFactory - Using org.eclipse.m2e.jdt.JarLifecycleMapping lifecycle mapping for MavenProject: com.bta:bta-txns-service:0.0.1-SNAPSHOT @ E:\ongoing\AllSpring_25Aug25_23Oct25_11to1\budget-tracker\step1\bta-parent\bta-txns-service\pom.xml.
2025-10-16 11:22:51,980 [Worker-6: Building] INFO  o.e.m.c.i.l.LifecycleMappingFactory - Using org.eclipse.m2e.jdt.JarLifecycleMapping lifecycle mapping for MavenProject: com.bta:bta-accounts-service:0.0.1-SNAPSHOT @ E:\ongoing\AllSpring_25Aug25_23Oct25_11to1\budget-tracker\step1\bta-parent\bta-accounts-service\pom.xml.
2025-10-16 11:22:52,000 [Worker-6: Building] INFO  o.e.m.c.i.l.LifecycleMappingFactory - Using org.eclipse.m2e.jdt.JarLifecycleMapping lifecycle mapping for MavenProject: com.bta:bta-statement-service:0.0.1-SNAPSHOT @ E:\ongoing\AllSpring_25Aug25_23Oct25_11to1\budget-tracker\step1\bta-parent\bta-statement-service\pom.xml.
2025-10-16 11:22:52,018 [Worker-6: Building] INFO  o.e.m.c.i.l.LifecycleMappingFactory - Using org.eclipse.m2e.jdt.JarLifecycleMapping lifecycle mapping for MavenProject: com.bta:bta-discovery-service:0.0.1-SNAPSHOT @ E:\ongoing\AllSpring_25Aug25_23Oct25_11to1\budget-tracker\step2\bta-parent\bta-discovery-service\pom.xml.
2025-10-16 11:22:52,526 [Worker-6: Building] INFO  o.a.m.s.f.DefaultMavenResourcesFiltering - Copying 0 resource from src\main\resources to target\classes
2025-10-16 11:22:52,526 [Worker-6: Building] INFO  o.a.m.s.f.DefaultMavenResourcesFiltering - Copying 0 resource from src\main\resources to target\classes
2025-10-16 11:22:52,527 [Worker-6: Building] INFO  o.a.m.s.f.DefaultMavenResourcesFiltering - Copying 0 resource from src\test\resources to target\test-classes
2025-10-16 11:22:52,532 [Worker-6: Building] INFO  o.a.m.s.f.DefaultMavenResourcesFiltering - Copying 0 resource from src\main\resources to target\classes
2025-10-16 11:22:52,532 [Worker-6: Building] INFO  o.a.m.s.f.DefaultMavenResourcesFiltering - Copying 0 resource from src\main\resources to target\classes
2025-10-16 11:22:52,533 [Worker-6: Building] INFO  o.a.m.s.f.DefaultMavenResourcesFiltering - Copying 0 resource from src\test\resources to target\test-classes
2025-10-16 11:22:53,701 [Worker-3: Building] INFO  o.a.m.s.f.DefaultMavenResourcesFiltering - Copying 0 resource from src\main\resources to target\classes
2025-10-16 11:22:53,701 [Worker-3: Building] INFO  o.a.m.s.f.DefaultMavenResourcesFiltering - Copying 0 resource from src\main\resources to target\classes
2025-10-16 11:22:53,702 [Worker-3: Building] INFO  o.a.m.s.f.DefaultMavenResourcesFiltering - Copying 0 resource from src\test\resources to target\test-classes
2025-10-16 11:22:53,758 [Worker-3: Building] INFO  o.a.m.s.f.DefaultMavenResourcesFiltering - Copying 1 resource from src\main\resources to target\classes
2025-10-16 11:22:53,768 [Worker-3: Building] INFO  o.a.m.s.f.DefaultMavenResourcesFiltering - Copying 0 resource from src\main\resources to target\classes
2025-10-16 11:22:53,768 [Worker-3: Building] INFO  o.a.m.s.f.DefaultMavenResourcesFiltering - Copying 0 resource from src\test\resources to target\test-classes
2025-10-16 11:23:18,565 [Worker-12: Updating Maven Project] INFO  o.e.m.c.i.p.ProjectConfigurationManager - Update started
2025-10-16 11:23:18,939 [Worker-12: Updating Maven Project] INFO  o.e.m.c.i.l.LifecycleMappingFactory - Using org.eclipse.m2e.jdt.JarLifecycleMapping lifecycle mapping for MavenProject: com.bta:bta-accounts-service:0.0.1-SNAPSHOT @ E:\ongoing\AllSpring_25Aug25_23Oct25_11to1\budget-tracker\step1\bta-parent\bta-accounts-service\pom.xml.
2025-10-16 11:23:19,026 [Worker-12: Updating Maven Project] INFO  o.e.m.c.i.l.LifecycleMappingFactory - Using NULL lifecycle mapping for MavenProject: com.bta:bta-parent:0.0.1-SNAPSHOT @ E:\ongoing\AllSpring_25Aug25_23Oct25_11to1\budget-tracker\step2\bta-parent\pom.xml.
2025-10-16 11:23:19,074 [Worker-12: Updating Maven Project] INFO  o.e.m.c.i.l.LifecycleMappingFactory - Using org.eclipse.m2e.jdt.JarLifecycleMapping lifecycle mapping for MavenProject: com.bta:bta-discovery-service:0.0.1-SNAPSHOT @ E:\ongoing\AllSpring_25Aug25_23Oct25_11to1\budget-tracker\step2\bta-parent\bta-discovery-service\pom.xml.
2025-10-16 11:23:19,117 [Worker-12: Updating Maven Project] INFO  o.e.m.c.i.l.LifecycleMappingFactory - Using org.eclipse.m2e.jdt.JarLifecycleMapping lifecycle mapping for MavenProject: com.bta:bta-statement-service:0.0.1-SNAPSHOT @ E:\ongoing\AllSpring_25Aug25_23Oct25_11to1\budget-tracker\step1\bta-parent\bta-statement-service\pom.xml.
2025-10-16 11:23:19,135 [Worker-12: Updating Maven Project] INFO  o.e.m.c.i.l.LifecycleMappingFactory - Using org.eclipse.m2e.jdt.JarLifecycleMapping lifecycle mapping for MavenProject: com.bta:bta-txns-service:0.0.1-SNAPSHOT @ E:\ongoing\AllSpring_25Aug25_23Oct25_11to1\budget-tracker\step1\bta-parent\bta-txns-service\pom.xml.
2025-10-16 11:23:19,583 [Worker-12: Updating Maven Project] INFO  o.e.m.j.i.AbstractJavaProjectConfigurator - Adding source folder /bta-accounts-service/src/main/java
2025-10-16 11:23:19,583 [Worker-12: Updating Maven Project] INFO  o.e.m.j.i.AbstractJavaProjectConfigurator - Adding resource folder /bta-accounts-service/src/main/resources
2025-10-16 11:23:19,583 [Worker-12: Updating Maven Project] INFO  o.e.m.j.i.AbstractJavaProjectConfigurator - Adding resource folder /bta-accounts-service/src/main/resources
2025-10-16 11:23:19,583 [Worker-12: Updating Maven Project] INFO  o.e.m.j.i.AbstractJavaProjectConfigurator - Adding source folder /bta-accounts-service/src/test/java
2025-10-16 11:23:19,583 [Worker-12: Updating Maven Project] INFO  o.e.m.j.i.AbstractJavaProjectConfigurator - Adding resource folder /bta-accounts-service/src/test/resources
2025-10-16 11:23:19,702 [Worker-12: Updating Maven Project] INFO  o.e.m.j.i.AbstractJavaProjectConfigurator - Adding source folder /bta-discovery-service/src/main/java
2025-10-16 11:23:19,702 [Worker-12: Updating Maven Project] INFO  o.e.m.j.i.AbstractJavaProjectConfigurator - Adding resource folder /bta-discovery-service/src/main/resources
2025-10-16 11:23:19,703 [Worker-12: Updating Maven Project] INFO  o.e.m.j.i.AbstractJavaProjectConfigurator - Adding resource folder /bta-discovery-service/src/main/resources
2025-10-16 11:23:19,703 [Worker-12: Updating Maven Project] INFO  o.e.m.j.i.AbstractJavaProjectConfigurator - Adding source folder /bta-discovery-service/src/test/java
2025-10-16 11:23:19,703 [Worker-12: Updating Maven Project] INFO  o.e.m.j.i.AbstractJavaProjectConfigurator - Adding resource folder /bta-discovery-service/src/test/resources
2025-10-16 11:23:19,857 [Worker-12: Updating Maven Project] INFO  o.e.m.j.i.AbstractJavaProjectConfigurator - Adding source folder /bta-statement-service/src/main/java
2025-10-16 11:23:19,857 [Worker-12: Updating Maven Project] INFO  o.e.m.j.i.AbstractJavaProjectConfigurator - Adding resource folder /bta-statement-service/src/main/resources
2025-10-16 11:23:19,857 [Worker-12: Updating Maven Project] INFO  o.e.m.j.i.AbstractJavaProjectConfigurator - Adding resource folder /bta-statement-service/src/main/resources
2025-10-16 11:23:19,857 [Worker-12: Updating Maven Project] INFO  o.e.m.j.i.AbstractJavaProjectConfigurator - Adding source folder /bta-statement-service/src/test/java
2025-10-16 11:23:19,857 [Worker-12: Updating Maven Project] INFO  o.e.m.j.i.AbstractJavaProjectConfigurator - Adding resource folder /bta-statement-service/src/test/resources
2025-10-16 11:23:19,951 [Worker-12: Updating Maven Project] INFO  o.e.m.j.i.AbstractJavaProjectConfigurator - Adding source folder /bta-txns-service/src/main/java
2025-10-16 11:23:19,951 [Worker-12: Updating Maven Project] INFO  o.e.m.j.i.AbstractJavaProjectConfigurator - Adding resource folder /bta-txns-service/src/main/resources
2025-10-16 11:23:19,951 [Worker-12: Updating Maven Project] INFO  o.e.m.j.i.AbstractJavaProjectConfigurator - Adding resource folder /bta-txns-service/src/main/resources
2025-10-16 11:23:19,951 [Worker-12: Updating Maven Project] INFO  o.e.m.j.i.AbstractJavaProjectConfigurator - Adding source folder /bta-txns-service/src/test/java
2025-10-16 11:23:19,951 [Worker-12: Updating Maven Project] INFO  o.e.m.j.i.AbstractJavaProjectConfigurator - Adding resource folder /bta-txns-service/src/test/resources
2025-10-16 11:23:20,133 [Worker-12: Updating Maven Project] INFO  o.e.m.c.i.p.ProjectConfigurationManager - Update completed for 5 poms: local refresh takes 0.00 sec, refresh facades takes 0.00 sec, update config takes 0.00 sec 
2025-10-16 11:23:27,249 [main] INFO  o.e.m2e.actions.ExecutePomAction - Using existing launch configuration
2025-10-16 11:23:27,265 [Worker-13: Launching bta-parent] INFO  o.eclipse.m2e.core.internal.Bundles - getClasspathEntries(Bundle=org.eclipse.m2e.maven.runtime_3.8.604.20221130-2149 [345])
2025-10-16 11:23:27,266 [Worker-13: Launching bta-parent] INFO  o.eclipse.m2e.core.internal.Bundles - 	Entry: C:\sts-4.17.2.RELEASE\plugins\org.eclipse.m2e.maven.runtime_3.8.604.20221130-2149
2025-10-16 11:23:27,266 [Worker-13: Launching bta-parent] INFO  o.eclipse.m2e.core.internal.Bundles - 	Entry: C:\sts-4.17.2.RELEASE\plugins\org.eclipse.m2e.maven.runtime_3.8.604.20221130-2149\jars\aether-connector-okhttp-0.17.8.jar
2025-10-16 11:23:27,266 [Worker-13: Launching bta-parent] INFO  o.eclipse.m2e.core.internal.Bundles - 	Entry: C:\sts-4.17.2.RELEASE\plugins\org.eclipse.m2e.maven.runtime_3.8.604.20221130-2149\jars\commons-cli-1.4.jar
2025-10-16 11:23:27,266 [Worker-13: Launching bta-parent] INFO  o.eclipse.m2e.core.internal.Bundles - 	Entry: C:\sts-4.17.2.RELEASE\plugins\org.eclipse.m2e.maven.runtime_3.8.604.20221130-2149\jars\commons-io-2.6.jar
2025-10-16 11:23:27,266 [Worker-13: Launching bta-parent] INFO  o.eclipse.m2e.core.internal.Bundles - 	Entry: C:\sts-4.17.2.RELEASE\plugins\org.eclipse.m2e.maven.runtime_3.8.604.20221130-2149\jars\commons-lang3-3.8.1.jar
2025-10-16 11:23:27,266 [Worker-13: Launching bta-parent] INFO  o.eclipse.m2e.core.internal.Bundles - 	Entry: C:\sts-4.17.2.RELEASE\plugins\org.eclipse.m2e.maven.runtime_3.8.604.20221130-2149\jars\guice-4.2.2-no_aop.jar
2025-10-16 11:23:27,266 [Worker-13: Launching bta-parent] INFO  o.eclipse.m2e.core.internal.Bundles - 	Entry: C:\sts-4.17.2.RELEASE\plugins\org.eclipse.m2e.maven.runtime_3.8.604.20221130-2149\jars\jansi-2.4.0.jar
2025-10-16 11:23:27,266 [Worker-13: Launching bta-parent] INFO  o.eclipse.m2e.core.internal.Bundles - 	Entry: C:\sts-4.17.2.RELEASE\plugins\org.eclipse.m2e.maven.runtime_3.8.604.20221130-2149\jars\maven-artifact-3.8.6.jar
2025-10-16 11:23:27,267 [Worker-13: Launching bta-parent] INFO  o.eclipse.m2e.core.internal.Bundles - 	Entry: C:\sts-4.17.2.RELEASE\plugins\org.eclipse.m2e.maven.runtime_3.8.604.20221130-2149\jars\maven-builder-support-3.8.6.jar
2025-10-16 11:23:27,267 [Worker-13: Launching bta-parent] INFO  o.eclipse.m2e.core.internal.Bundles - 	Entry: C:\sts-4.17.2.RELEASE\plugins\org.eclipse.m2e.maven.runtime_3.8.604.20221130-2149\jars\maven-compat-3.8.6.jar
2025-10-16 11:23:27,267 [Worker-13: Launching bta-parent] INFO  o.eclipse.m2e.core.internal.Bundles - 	Entry: C:\sts-4.17.2.RELEASE\plugins\org.eclipse.m2e.maven.runtime_3.8.604.20221130-2149\jars\maven-core-3.8.6.jar
2025-10-16 11:23:27,267 [Worker-13: Launching bta-parent] INFO  o.eclipse.m2e.core.internal.Bundles - 	Entry: C:\sts-4.17.2.RELEASE\plugins\org.eclipse.m2e.maven.runtime_3.8.604.20221130-2149\jars\maven-embedder-3.8.6.jar
2025-10-16 11:23:27,267 [Worker-13: Launching bta-parent] INFO  o.eclipse.m2e.core.internal.Bundles - 	Entry: C:\sts-4.17.2.RELEASE\plugins\org.eclipse.m2e.maven.runtime_3.8.604.20221130-2149\jars\maven-model-3.8.6.jar
2025-10-16 11:23:27,267 [Worker-13: Launching bta-parent] INFO  o.eclipse.m2e.core.internal.Bundles - 	Entry: C:\sts-4.17.2.RELEASE\plugins\org.eclipse.m2e.maven.runtime_3.8.604.20221130-2149\jars\maven-model-builder-3.8.6.jar
2025-10-16 11:23:27,267 [Worker-13: Launching bta-parent] INFO  o.eclipse.m2e.core.internal.Bundles - 	Entry: C:\sts-4.17.2.RELEASE\plugins\org.eclipse.m2e.maven.runtime_3.8.604.20221130-2149\jars\maven-plugin-api-3.8.6.jar
2025-10-16 11:23:27,267 [Worker-13: Launching bta-parent] INFO  o.eclipse.m2e.core.internal.Bundles - 	Entry: C:\sts-4.17.2.RELEASE\plugins\org.eclipse.m2e.maven.runtime_3.8.604.20221130-2149\jars\maven-repository-metadata-3.8.6.jar
2025-10-16 11:23:27,267 [Worker-13: Launching bta-parent] INFO  o.eclipse.m2e.core.internal.Bundles - 	Entry: C:\sts-4.17.2.RELEASE\plugins\org.eclipse.m2e.maven.runtime_3.8.604.20221130-2149\jars\maven-resolver-api-1.6.3.jar
2025-10-16 11:23:27,267 [Worker-13: Launching bta-parent] INFO  o.eclipse.m2e.core.internal.Bundles - 	Entry: C:\sts-4.17.2.RELEASE\plugins\org.eclipse.m2e.maven.runtime_3.8.604.20221130-2149\jars\maven-resolver-connector-basic-1.6.3.jar
2025-10-16 11:23:27,267 [Worker-13: Launching bta-parent] INFO  o.eclipse.m2e.core.internal.Bundles - 	Entry: C:\sts-4.17.2.RELEASE\plugins\org.eclipse.m2e.maven.runtime_3.8.604.20221130-2149\jars\maven-resolver-impl-1.6.3.jar
2025-10-16 11:23:27,267 [Worker-13: Launching bta-parent] INFO  o.eclipse.m2e.core.internal.Bundles - 	Entry: C:\sts-4.17.2.RELEASE\plugins\org.eclipse.m2e.maven.runtime_3.8.604.20221130-2149\jars\maven-resolver-provider-3.8.6.jar
2025-10-16 11:23:27,267 [Worker-13: Launching bta-parent] INFO  o.eclipse.m2e.core.internal.Bundles - 	Entry: C:\sts-4.17.2.RELEASE\plugins\org.eclipse.m2e.maven.runtime_3.8.604.20221130-2149\jars\maven-resolver-spi-1.6.3.jar
2025-10-16 11:23:27,267 [Worker-13: Launching bta-parent] INFO  o.eclipse.m2e.core.internal.Bundles - 	Entry: C:\sts-4.17.2.RELEASE\plugins\org.eclipse.m2e.maven.runtime_3.8.604.20221130-2149\jars\maven-resolver-transport-wagon-1.6.3.jar
2025-10-16 11:23:27,267 [Worker-13: Launching bta-parent] INFO  o.eclipse.m2e.core.internal.Bundles - 	Entry: C:\sts-4.17.2.RELEASE\plugins\org.eclipse.m2e.maven.runtime_3.8.604.20221130-2149\jars\maven-resolver-util-1.6.3.jar
2025-10-16 11:23:27,267 [Worker-13: Launching bta-parent] INFO  o.eclipse.m2e.core.internal.Bundles - 	Entry: C:\sts-4.17.2.RELEASE\plugins\org.eclipse.m2e.maven.runtime_3.8.604.20221130-2149\jars\maven-settings-3.8.6.jar
2025-10-16 11:23:27,267 [Worker-13: Launching bta-parent] INFO  o.eclipse.m2e.core.internal.Bundles - 	Entry: C:\sts-4.17.2.RELEASE\plugins\org.eclipse.m2e.maven.runtime_3.8.604.20221130-2149\jars\maven-settings-builder-3.8.6.jar
2025-10-16 11:23:27,267 [Worker-13: Launching bta-parent] INFO  o.eclipse.m2e.core.internal.Bundles - 	Entry: C:\sts-4.17.2.RELEASE\plugins\org.eclipse.m2e.maven.runtime_3.8.604.20221130-2149\jars\maven-shared-utils-3.3.4.jar
2025-10-16 11:23:27,267 [Worker-13: Launching bta-parent] INFO  o.eclipse.m2e.core.internal.Bundles - 	Entry: C:\sts-4.17.2.RELEASE\plugins\org.eclipse.m2e.maven.runtime_3.8.604.20221130-2149\jars\okhttp-3.14.1.jar
2025-10-16 11:23:27,267 [Worker-13: Launching bta-parent] INFO  o.eclipse.m2e.core.internal.Bundles - 	Entry: C:\sts-4.17.2.RELEASE\plugins\org.eclipse.m2e.maven.runtime_3.8.604.20221130-2149\jars\okio-1.17.3.jar
2025-10-16 11:23:27,267 [Worker-13: Launching bta-parent] INFO  o.eclipse.m2e.core.internal.Bundles - 	Entry: C:\sts-4.17.2.RELEASE\plugins\org.eclipse.m2e.maven.runtime_3.8.604.20221130-2149\jars\org.eclipse.sisu.inject-0.3.5.jar
2025-10-16 11:23:27,267 [Worker-13: Launching bta-parent] INFO  o.eclipse.m2e.core.internal.Bundles - 	Entry: C:\sts-4.17.2.RELEASE\plugins\org.eclipse.m2e.maven.runtime_3.8.604.20221130-2149\jars\org.eclipse.sisu.plexus-0.3.5.jar
2025-10-16 11:23:27,267 [Worker-13: Launching bta-parent] INFO  o.eclipse.m2e.core.internal.Bundles - 	Entry: C:\sts-4.17.2.RELEASE\plugins\org.eclipse.m2e.maven.runtime_3.8.604.20221130-2149\jars\plexus-build-api-0.0.7.jar
2025-10-16 11:23:27,267 [Worker-13: Launching bta-parent] INFO  o.eclipse.m2e.core.internal.Bundles - 	Entry: C:\sts-4.17.2.RELEASE\plugins\org.eclipse.m2e.maven.runtime_3.8.604.20221130-2149\jars\plexus-cipher-2.0.jar
2025-10-16 11:23:27,267 [Worker-13: Launching bta-parent] INFO  o.eclipse.m2e.core.internal.Bundles - 	Entry: C:\sts-4.17.2.RELEASE\plugins\org.eclipse.m2e.maven.runtime_3.8.604.20221130-2149\jars\plexus-classworlds-2.6.0.jar
2025-10-16 11:23:27,267 [Worker-13: Launching bta-parent] INFO  o.eclipse.m2e.core.internal.Bundles - 	Entry: C:\sts-4.17.2.RELEASE\plugins\org.eclipse.m2e.maven.runtime_3.8.604.20221130-2149\jars\plexus-component-annotations-2.1.0.jar
2025-10-16 11:23:27,267 [Worker-13: Launching bta-parent] INFO  o.eclipse.m2e.core.internal.Bundles - 	Entry: C:\sts-4.17.2.RELEASE\plugins\org.eclipse.m2e.maven.runtime_3.8.604.20221130-2149\jars\plexus-interpolation-1.26.jar
2025-10-16 11:23:27,268 [Worker-13: Launching bta-parent] INFO  o.eclipse.m2e.core.internal.Bundles - 	Entry: C:\sts-4.17.2.RELEASE\plugins\org.eclipse.m2e.maven.runtime_3.8.604.20221130-2149\jars\plexus-sec-dispatcher-2.0.jar
2025-10-16 11:23:27,268 [Worker-13: Launching bta-parent] INFO  o.eclipse.m2e.core.internal.Bundles - 	Entry: C:\sts-4.17.2.RELEASE\plugins\org.eclipse.m2e.maven.runtime_3.8.604.20221130-2149\jars\plexus-utils-3.3.1.jar
2025-10-16 11:23:27,268 [Worker-13: Launching bta-parent] INFO  o.eclipse.m2e.core.internal.Bundles - 	Entry: C:\sts-4.17.2.RELEASE\plugins\org.eclipse.m2e.maven.runtime_3.8.604.20221130-2149\jars\wagon-file-3.5.1.jar
2025-10-16 11:23:27,268 [Worker-13: Launching bta-parent] INFO  o.eclipse.m2e.core.internal.Bundles - 	Entry: C:\sts-4.17.2.RELEASE\plugins\org.eclipse.m2e.maven.runtime_3.8.604.20221130-2149\jars\wagon-provider-api-3.5.1.jar
2025-10-16 11:23:27,268 [Worker-13: Launching bta-parent] INFO  o.eclipse.m2e.core.internal.Bundles - getClasspathEntries(Bundle=com.google.guava_30.1.0.v20221112-0806 [22])
2025-10-16 11:23:27,268 [Worker-13: Launching bta-parent] INFO  o.eclipse.m2e.core.internal.Bundles - 	Entry: C:\sts-4.17.2.RELEASE\plugins\com.google.guava_30.1.0.v20221112-0806.jar
2025-10-16 11:23:27,268 [Worker-13: Launching bta-parent] INFO  o.eclipse.m2e.core.internal.Bundles - getClasspathEntries(Bundle=slf4j.api_1.7.36 [584])
2025-10-16 11:23:27,268 [Worker-13: Launching bta-parent] INFO  o.eclipse.m2e.core.internal.Bundles - 	Entry: C:\sts-4.17.2.RELEASE\plugins\slf4j.api_1.7.36.jar
2025-10-16 11:23:27,268 [Worker-13: Launching bta-parent] INFO  o.eclipse.m2e.core.internal.Bundles - getClasspathEntries(Bundle=javax.inject_1.0.0.v20220405-0441 [49])
2025-10-16 11:23:27,270 [Worker-13: Launching bta-parent] INFO  o.eclipse.m2e.core.internal.Bundles - 	Entry: C:\sts-4.17.2.RELEASE\plugins\javax.inject_1.0.0.v20220405-0441.jar
2025-10-16 11:23:27,270 [Worker-13: Launching bta-parent] INFO  o.eclipse.m2e.core.internal.Bundles - getClasspathEntries(Bundle=javax.annotation_1.3.5.v20221112-0806 [47])
2025-10-16 11:23:27,270 [Worker-13: Launching bta-parent] INFO  o.eclipse.m2e.core.internal.Bundles - 	Entry: C:\sts-4.17.2.RELEASE\plugins\javax.annotation_1.3.5.v20221112-0806.jar
2025-10-16 11:23:27,271 [Worker-13: Launching bta-parent] INFO  o.e.m.i.launch.MavenLaunchDelegate - Run build in "E:\ongoing\AllSpring_25Aug25_23Oct25_11to1\budget-tracker\step2\bta-parent":
2025-10-16 11:23:27,272 [Worker-13: Launching bta-parent] INFO  o.e.m.i.launch.MavenLaunchDelegate -  mvn  -Ppom.xml -B -Dstyle.color=always clean package
2025-10-16 11:25:35,950 [main] INFO  o.e.m2e.actions.ExecutePomAction - Using existing launch configuration
2025-10-16 11:25:35,956 [Worker-6: Launching bta-parent] INFO  o.e.m.i.launch.MavenLaunchDelegate - Run build in "E:\ongoing\AllSpring_25Aug25_23Oct25_11to1\budget-tracker\step2\bta-parent":
2025-10-16 11:25:35,956 [Worker-6: Launching bta-parent] INFO  o.e.m.i.launch.MavenLaunchDelegate -  mvn  -Ppom.xml -B -Dstyle.color=always clean package
2025-10-16 11:29:36,298 [main] INFO  o.e.m2e.actions.ExecutePomAction - Using existing launch configuration
2025-10-16 11:29:36,303 [Worker-13: Launching bta-parent] INFO  o.e.m.i.launch.MavenLaunchDelegate - Run build in "E:\ongoing\AllSpring_25Aug25_23Oct25_11to1\budget-tracker\step2\bta-parent":
2025-10-16 11:29:36,303 [Worker-13: Launching bta-parent] INFO  o.e.m.i.launch.MavenLaunchDelegate -  mvn  -Ppom.xml -B -Dstyle.color=always clean package
2025-10-16 11:31:13,413 [main] INFO  o.e.m2e.actions.ExecutePomAction - Using existing launch configuration
2025-10-16 11:31:13,418 [Worker-15: Launching bta-accounts-service] INFO  o.e.m.i.launch.MavenLaunchDelegate - Run build in "E:\ongoing\AllSpring_25Aug25_23Oct25_11to1\budget-tracker\step1\bta-parent\bta-accounts-service":
2025-10-16 11:31:13,418 [Worker-15: Launching bta-accounts-service] INFO  o.e.m.i.launch.MavenLaunchDelegate -  mvn  -B -Dstyle.color=always clean package
2025-10-16 11:31:23,984 [main] INFO  o.e.m2e.actions.ExecutePomAction - Using existing launch configuration
2025-10-16 11:31:24,002 [Worker-3: Launching bta-txns-service] INFO  o.e.m.i.launch.MavenLaunchDelegate - Run build in "E:\ongoing\AllSpring_25Aug25_23Oct25_11to1\budget-tracker\step1\bta-parent\bta-txns-service":
2025-10-16 11:31:24,002 [Worker-3: Launching bta-txns-service] INFO  o.e.m.i.launch.MavenLaunchDelegate -  mvn  -B -Dstyle.color=always clean package
2025-10-16 11:31:33,743 [main] INFO  o.e.m2e.actions.ExecutePomAction - Creating new launch configuration
2025-10-16 11:31:40,135 [Worker-6: Launching bta-statement-service] INFO  o.e.m.i.launch.MavenLaunchDelegate - Run build in "E:\ongoing\AllSpring_25Aug25_23Oct25_11to1\budget-tracker\step1\bta-parent\bta-statement-service":
2025-10-16 11:31:40,135 [Worker-6: Launching bta-statement-service] INFO  o.e.m.i.launch.MavenLaunchDelegate -  mvn  -B -Dstyle.color=always CLEAN PACKAGE
2025-10-16 11:31:49,919 [main] INFO  o.e.m2e.actions.ExecutePomAction - Creating new launch configuration
2025-10-16 11:32:01,577 [Worker-6: Launching bta-statement-service (1)] INFO  o.e.m.i.launch.MavenLaunchDelegate - Run build in "E:\ongoing\AllSpring_25Aug25_23Oct25_11to1\budget-tracker\step1\bta-parent\bta-statement-service":
2025-10-16 11:32:01,577 [Worker-6: Launching bta-statement-service (1)] INFO  o.e.m.i.launch.MavenLaunchDelegate -  mvn  -B -Dstyle.color=always clean package
2025-10-16 11:33:37,476 [Worker-14: Updating Maven Project] INFO  o.e.m.c.i.p.ProjectConfigurationManager - Update started
2025-10-16 11:33:37,845 [Worker-14: Updating Maven Project] INFO  o.e.m.c.i.l.LifecycleMappingFactory - Using org.eclipse.m2e.jdt.JarLifecycleMapping lifecycle mapping for MavenProject: com.bta:bta-accounts-service:0.0.1-SNAPSHOT @ E:\ongoing\AllSpring_25Aug25_23Oct25_11to1\budget-tracker\step1\bta-parent\bta-accounts-service\pom.xml.
2025-10-16 11:33:37,930 [Worker-14: Updating Maven Project] INFO  o.e.m.c.i.l.LifecycleMappingFactory - Using NULL lifecycle mapping for MavenProject: com.bta:bta-parent:0.0.1-SNAPSHOT @ E:\ongoing\AllSpring_25Aug25_23Oct25_11to1\budget-tracker\step2\bta-parent\pom.xml.
2025-10-16 11:33:37,974 [Worker-14: Updating Maven Project] INFO  o.e.m.c.i.l.LifecycleMappingFactory - Using org.eclipse.m2e.jdt.JarLifecycleMapping lifecycle mapping for MavenProject: com.bta:bta-discovery-service:0.0.1-SNAPSHOT @ E:\ongoing\AllSpring_25Aug25_23Oct25_11to1\budget-tracker\step2\bta-parent\bta-discovery-service\pom.xml.
2025-10-16 11:33:38,016 [Worker-14: Updating Maven Project] INFO  o.e.m.c.i.l.LifecycleMappingFactory - Using org.eclipse.m2e.jdt.JarLifecycleMapping lifecycle mapping for MavenProject: com.bta:bta-statement-service:0.0.1-SNAPSHOT @ E:\ongoing\AllSpring_25Aug25_23Oct25_11to1\budget-tracker\step1\bta-parent\bta-statement-service\pom.xml.
2025-10-16 11:33:38,034 [Worker-14: Updating Maven Project] INFO  o.e.m.c.i.l.LifecycleMappingFactory - Using org.eclipse.m2e.jdt.JarLifecycleMapping lifecycle mapping for MavenProject: com.bta:bta-txns-service:0.0.1-SNAPSHOT @ E:\ongoing\AllSpring_25Aug25_23Oct25_11to1\budget-tracker\step1\bta-parent\bta-txns-service\pom.xml.
2025-10-16 11:33:38,499 [Worker-14: Updating Maven Project] INFO  o.e.m.j.i.AbstractJavaProjectConfigurator - Adding source folder /bta-accounts-service/src/main/java
2025-10-16 11:33:38,499 [Worker-14: Updating Maven Project] INFO  o.e.m.j.i.AbstractJavaProjectConfigurator - Adding resource folder /bta-accounts-service/src/main/resources
2025-10-16 11:33:38,499 [Worker-14: Updating Maven Project] INFO  o.e.m.j.i.AbstractJavaProjectConfigurator - Adding resource folder /bta-accounts-service/src/main/resources
2025-10-16 11:33:38,499 [Worker-14: Updating Maven Project] INFO  o.e.m.j.i.AbstractJavaProjectConfigurator - Adding source folder /bta-accounts-service/src/test/java
2025-10-16 11:33:38,499 [Worker-14: Updating Maven Project] INFO  o.e.m.j.i.AbstractJavaProjectConfigurator - Adding resource folder /bta-accounts-service/src/test/resources
2025-10-16 11:33:38,614 [Worker-14: Updating Maven Project] INFO  o.e.m.j.i.AbstractJavaProjectConfigurator - Adding source folder /bta-discovery-service/src/main/java
2025-10-16 11:33:38,614 [Worker-14: Updating Maven Project] INFO  o.e.m.j.i.AbstractJavaProjectConfigurator - Adding resource folder /bta-discovery-service/src/main/resources
2025-10-16 11:33:38,614 [Worker-14: Updating Maven Project] INFO  o.e.m.j.i.AbstractJavaProjectConfigurator - Adding resource folder /bta-discovery-service/src/main/resources
2025-10-16 11:33:38,614 [Worker-14: Updating Maven Project] INFO  o.e.m.j.i.AbstractJavaProjectConfigurator - Adding source folder /bta-discovery-service/src/test/java
2025-10-16 11:33:38,614 [Worker-14: Updating Maven Project] INFO  o.e.m.j.i.AbstractJavaProjectConfigurator - Adding resource folder /bta-discovery-service/src/test/resources
2025-10-16 11:33:38,753 [Worker-14: Updating Maven Project] INFO  o.e.m.j.i.AbstractJavaProjectConfigurator - Adding source folder /bta-statement-service/src/main/java
2025-10-16 11:33:38,753 [Worker-14: Updating Maven Project] INFO  o.e.m.j.i.AbstractJavaProjectConfigurator - Adding resource folder /bta-statement-service/src/main/resources
2025-10-16 11:33:38,753 [Worker-14: Updating Maven Project] INFO  o.e.m.j.i.AbstractJavaProjectConfigurator - Adding resource folder /bta-statement-service/src/main/resources
2025-10-16 11:33:38,753 [Worker-14: Updating Maven Project] INFO  o.e.m.j.i.AbstractJavaProjectConfigurator - Adding source folder /bta-statement-service/src/test/java
2025-10-16 11:33:38,753 [Worker-14: Updating Maven Project] INFO  o.e.m.j.i.AbstractJavaProjectConfigurator - Adding resource folder /bta-statement-service/src/test/resources
2025-10-16 11:33:38,844 [Worker-14: Updating Maven Project] INFO  o.e.m.j.i.AbstractJavaProjectConfigurator - Adding source folder /bta-txns-service/src/main/java
2025-10-16 11:33:38,844 [Worker-14: Updating Maven Project] INFO  o.e.m.j.i.AbstractJavaProjectConfigurator - Adding resource folder /bta-txns-service/src/main/resources
2025-10-16 11:33:38,844 [Worker-14: Updating Maven Project] INFO  o.e.m.j.i.AbstractJavaProjectConfigurator - Adding resource folder /bta-txns-service/src/main/resources
2025-10-16 11:33:38,844 [Worker-14: Updating Maven Project] INFO  o.e.m.j.i.AbstractJavaProjectConfigurator - Adding source folder /bta-txns-service/src/test/java
2025-10-16 11:33:38,844 [Worker-14: Updating Maven Project] INFO  o.e.m.j.i.AbstractJavaProjectConfigurator - Adding resource folder /bta-txns-service/src/test/resources
2025-10-16 11:33:39,015 [Worker-14: Updating Maven Project] INFO  o.e.m.c.i.p.ProjectConfigurationManager - Update completed for 5 poms: local refresh takes 0.00 sec, refresh facades takes 0.00 sec, update config takes 0.00 sec 
2025-10-16 11:34:21,418 [main] INFO  o.e.m2e.actions.ExecutePomAction - Using existing launch configuration
2025-10-16 11:34:21,423 [Worker-16: Launching bta-parent] INFO  o.e.m.i.launch.MavenLaunchDelegate - Run build in "E:\ongoing\AllSpring_25Aug25_23Oct25_11to1\budget-tracker\step2\bta-parent":
2025-10-16 11:34:21,423 [Worker-16: Launching bta-parent] INFO  o.e.m.i.launch.MavenLaunchDelegate -  mvn  -Ppom.xml -B -Dstyle.color=always clean package
2025-10-16 11:35:14,310 [Worker-6: Building] INFO  o.e.m.c.i.l.LifecycleMappingFactory - Using NULL lifecycle mapping for MavenProject: com.bta:bta-parent:0.0.1-SNAPSHOT @ E:\ongoing\AllSpring_25Aug25_23Oct25_11to1\budget-tracker\step2\bta-parent\pom.xml.
2025-10-16 11:35:14,383 [Worker-6: Building] INFO  o.e.m.c.i.l.LifecycleMappingFactory - Using org.eclipse.m2e.jdt.JarLifecycleMapping lifecycle mapping for MavenProject: com.bta:bta-txns-service:0.0.1-SNAPSHOT @ E:\ongoing\AllSpring_25Aug25_23Oct25_11to1\budget-tracker\step1\bta-parent\bta-txns-service\pom.xml.
2025-10-16 11:35:14,414 [Worker-6: Building] INFO  o.e.m.c.i.l.LifecycleMappingFactory - Using org.eclipse.m2e.jdt.JarLifecycleMapping lifecycle mapping for MavenProject: com.bta:bta-accounts-service:0.0.1-SNAPSHOT @ E:\ongoing\AllSpring_25Aug25_23Oct25_11to1\budget-tracker\step1\bta-parent\bta-accounts-service\pom.xml.
2025-10-16 11:35:14,433 [Worker-6: Building] INFO  o.e.m.c.i.l.LifecycleMappingFactory - Using org.eclipse.m2e.jdt.JarLifecycleMapping lifecycle mapping for MavenProject: com.bta:bta-discovery-service:0.0.1-SNAPSHOT @ E:\ongoing\AllSpring_25Aug25_23Oct25_11to1\budget-tracker\step2\bta-parent\bta-discovery-service\pom.xml.
2025-10-16 11:35:14,492 [Worker-6: Building] INFO  o.e.m.c.i.l.LifecycleMappingFactory - Using org.eclipse.m2e.jdt.JarLifecycleMapping lifecycle mapping for MavenProject: com.bta:bta-statement-service:0.0.1-SNAPSHOT @ E:\ongoing\AllSpring_25Aug25_23Oct25_11to1\budget-tracker\step1\bta-parent\bta-statement-service\pom.xml.
2025-10-16 11:35:14,936 [Worker-6: Building] INFO  o.a.m.s.f.DefaultMavenResourcesFiltering - Copying 0 resource from src\main\resources to target\classes
2025-10-16 11:35:14,936 [Worker-6: Building] INFO  o.a.m.s.f.DefaultMavenResourcesFiltering - Copying 0 resource from src\main\resources to target\classes
2025-10-16 11:35:14,937 [Worker-6: Building] INFO  o.a.m.s.f.DefaultMavenResourcesFiltering - Copying 0 resource from src\test\resources to target\test-classes
2025-10-16 11:35:14,942 [Worker-6: Building] INFO  o.a.m.s.f.DefaultMavenResourcesFiltering - Copying 0 resource from src\main\resources to target\classes
2025-10-16 11:35:14,942 [Worker-6: Building] INFO  o.a.m.s.f.DefaultMavenResourcesFiltering - Copying 0 resource from src\main\resources to target\classes
2025-10-16 11:35:14,943 [Worker-6: Building] INFO  o.a.m.s.f.DefaultMavenResourcesFiltering - Copying 0 resource from src\test\resources to target\test-classes
2025-10-16 11:35:15,977 [Worker-9: Building] INFO  o.a.m.s.f.DefaultMavenResourcesFiltering - Copying 0 resource from src\main\resources to target\classes
2025-10-16 11:35:15,977 [Worker-9: Building] INFO  o.a.m.s.f.DefaultMavenResourcesFiltering - Copying 0 resource from src\main\resources to target\classes
2025-10-16 11:35:15,978 [Worker-9: Building] INFO  o.a.m.s.f.DefaultMavenResourcesFiltering - Copying 0 resource from src\test\resources to target\test-classes
2025-10-16 11:35:16,017 [Worker-9: Building] INFO  o.a.m.s.f.DefaultMavenResourcesFiltering - Copying 1 resource from src\main\resources to target\classes
2025-10-16 11:35:16,023 [Worker-9: Building] INFO  o.a.m.s.f.DefaultMavenResourcesFiltering - Copying 0 resource from src\main\resources to target\classes
2025-10-16 11:35:16,025 [Worker-9: Building] INFO  o.a.m.s.f.DefaultMavenResourcesFiltering - Copying 0 resource from src\test\resources to target\test-classes
2025-10-16 11:35:26,839 [Worker-13: Building] INFO  o.e.m.c.i.l.LifecycleMappingFactory - Using org.eclipse.m2e.jdt.JarLifecycleMapping lifecycle mapping for MavenProject: com.bta:bta-txns-service:0.0.1-SNAPSHOT @ E:\ongoing\AllSpring_25Aug25_23Oct25_11to1\budget-tracker\step1\bta-parent\bta-txns-service\pom.xml.
2025-10-16 11:35:27,063 [Worker-13: Building] INFO  o.a.m.s.f.DefaultMavenResourcesFiltering - Copying 0 resource from src\main\resources to target\classes
2025-10-16 11:35:27,063 [Worker-13: Building] INFO  o.a.m.s.f.DefaultMavenResourcesFiltering - Copying 0 resource from src\main\resources to target\classes
2025-10-16 11:35:27,063 [Worker-13: Building] INFO  o.a.m.s.f.DefaultMavenResourcesFiltering - Copying 0 resource from src\test\resources to target\test-classes
2025-10-16 11:35:28,208 [Worker-6: Building] INFO  o.a.m.s.f.DefaultMavenResourcesFiltering - Copying 1 resource from src\main\resources to target\classes
2025-10-16 11:35:28,215 [Worker-6: Building] INFO  o.a.m.s.f.DefaultMavenResourcesFiltering - Copying 0 resource from src\main\resources to target\classes
2025-10-16 11:35:28,216 [Worker-6: Building] INFO  o.a.m.s.f.DefaultMavenResourcesFiltering - Copying 0 resource from src\test\resources to target\test-classes
2025-10-16 11:35:42,822 [Worker-12: Building] INFO  o.e.m.c.i.l.LifecycleMappingFactory - Using org.eclipse.m2e.jdt.JarLifecycleMapping lifecycle mapping for MavenProject: com.bta:bta-statement-service:0.0.1-SNAPSHOT @ E:\ongoing\AllSpring_25Aug25_23Oct25_11to1\budget-tracker\step1\bta-parent\bta-statement-service\pom.xml.
2025-10-16 11:35:43,029 [Worker-12: Building] INFO  o.a.m.s.f.DefaultMavenResourcesFiltering - Copying 0 resource from src\main\resources to target\classes
2025-10-16 11:35:43,029 [Worker-12: Building] INFO  o.a.m.s.f.DefaultMavenResourcesFiltering - Copying 0 resource from src\main\resources to target\classes
2025-10-16 11:35:43,029 [Worker-12: Building] INFO  o.a.m.s.f.DefaultMavenResourcesFiltering - Copying 0 resource from src\test\resources to target\test-classes
2025-10-16 11:35:44,166 [Worker-11: Building] INFO  o.a.m.s.f.DefaultMavenResourcesFiltering - Copying 1 resource from src\main\resources to target\classes
2025-10-16 11:35:44,167 [Worker-11: Building] INFO  o.a.m.s.f.DefaultMavenResourcesFiltering - Copying 0 resource from src\main\resources to target\classes
2025-10-16 11:35:44,168 [Worker-11: Building] INFO  o.a.m.s.f.DefaultMavenResourcesFiltering - Copying 0 resource from src\test\resources to target\test-classes
2025-10-16 11:35:57,479 [Worker-6: Building] INFO  o.e.m.c.i.l.LifecycleMappingFactory - Using org.eclipse.m2e.jdt.JarLifecycleMapping lifecycle mapping for MavenProject: com.bta:bta-accounts-service:0.0.1-SNAPSHOT @ E:\ongoing\AllSpring_25Aug25_23Oct25_11to1\budget-tracker\step1\bta-parent\bta-accounts-service\pom.xml.
2025-10-16 11:35:57,683 [Worker-6: Building] INFO  o.a.m.s.f.DefaultMavenResourcesFiltering - Copying 0 resource from src\main\resources to target\classes
2025-10-16 11:35:57,683 [Worker-6: Building] INFO  o.a.m.s.f.DefaultMavenResourcesFiltering - Copying 0 resource from src\main\resources to target\classes
2025-10-16 11:35:57,684 [Worker-6: Building] INFO  o.a.m.s.f.DefaultMavenResourcesFiltering - Copying 0 resource from src\test\resources to target\test-classes
2025-10-16 11:35:58,820 [Worker-9: Building] INFO  o.a.m.s.f.DefaultMavenResourcesFiltering - Copying 1 resource from src\main\resources to target\classes
2025-10-16 11:35:58,821 [Worker-9: Building] INFO  o.a.m.s.f.DefaultMavenResourcesFiltering - Copying 0 resource from src\main\resources to target\classes
2025-10-16 11:35:58,822 [Worker-9: Building] INFO  o.a.m.s.f.DefaultMavenResourcesFiltering - Copying 0 resource from src\test\resources to target\test-classes
2025-10-16 11:36:30,779 [Worker-13: Updating Maven Project] INFO  o.e.m.c.i.p.ProjectConfigurationManager - Update started
2025-10-16 11:36:31,107 [Worker-13: Updating Maven Project] INFO  o.e.m.c.i.l.LifecycleMappingFactory - Using org.eclipse.m2e.jdt.JarLifecycleMapping lifecycle mapping for MavenProject: com.bta:bta-accounts-service:0.0.1-SNAPSHOT @ E:\ongoing\AllSpring_25Aug25_23Oct25_11to1\budget-tracker\step1\bta-parent\bta-accounts-service\pom.xml.
2025-10-16 11:36:31,211 [Worker-13: Updating Maven Project] INFO  o.e.m.c.i.l.LifecycleMappingFactory - Using NULL lifecycle mapping for MavenProject: com.bta:bta-parent:0.0.1-SNAPSHOT @ E:\ongoing\AllSpring_25Aug25_23Oct25_11to1\budget-tracker\step2\bta-parent\pom.xml.
2025-10-16 11:36:31,227 [Worker-13: Updating Maven Project] INFO  o.e.m.c.i.l.LifecycleMappingFactory - Using org.eclipse.m2e.jdt.JarLifecycleMapping lifecycle mapping for MavenProject: com.bta:bta-discovery-service:0.0.1-SNAPSHOT @ E:\ongoing\AllSpring_25Aug25_23Oct25_11to1\budget-tracker\step2\bta-parent\bta-discovery-service\pom.xml.
2025-10-16 11:36:31,269 [Worker-13: Updating Maven Project] INFO  o.e.m.c.i.l.LifecycleMappingFactory - Using org.eclipse.m2e.jdt.JarLifecycleMapping lifecycle mapping for MavenProject: com.bta:bta-statement-service:0.0.1-SNAPSHOT @ E:\ongoing\AllSpring_25Aug25_23Oct25_11to1\budget-tracker\step1\bta-parent\bta-statement-service\pom.xml.
2025-10-16 11:36:31,288 [Worker-13: Updating Maven Project] INFO  o.e.m.c.i.l.LifecycleMappingFactory - Using org.eclipse.m2e.jdt.JarLifecycleMapping lifecycle mapping for MavenProject: com.bta:bta-txns-service:0.0.1-SNAPSHOT @ E:\ongoing\AllSpring_25Aug25_23Oct25_11to1\budget-tracker\step1\bta-parent\bta-txns-service\pom.xml.
2025-10-16 11:36:31,761 [Worker-13: Updating Maven Project] INFO  o.e.m.j.i.AbstractJavaProjectConfigurator - Adding source folder /bta-accounts-service/src/main/java
2025-10-16 11:36:31,761 [Worker-13: Updating Maven Project] INFO  o.e.m.j.i.AbstractJavaProjectConfigurator - Adding resource folder /bta-accounts-service/src/main/resources
2025-10-16 11:36:31,761 [Worker-13: Updating Maven Project] INFO  o.e.m.j.i.AbstractJavaProjectConfigurator - Adding resource folder /bta-accounts-service/src/main/resources
2025-10-16 11:36:31,761 [Worker-13: Updating Maven Project] INFO  o.e.m.j.i.AbstractJavaProjectConfigurator - Adding source folder /bta-accounts-service/src/test/java
2025-10-16 11:36:31,762 [Worker-13: Updating Maven Project] INFO  o.e.m.j.i.AbstractJavaProjectConfigurator - Adding resource folder /bta-accounts-service/src/test/resources
2025-10-16 11:36:31,923 [Worker-13: Updating Maven Project] INFO  o.e.m.j.i.AbstractJavaProjectConfigurator - Adding source folder /bta-discovery-service/src/main/java
2025-10-16 11:36:31,923 [Worker-13: Updating Maven Project] INFO  o.e.m.j.i.AbstractJavaProjectConfigurator - Adding resource folder /bta-discovery-service/src/main/resources
2025-10-16 11:36:31,923 [Worker-13: Updating Maven Project] INFO  o.e.m.j.i.AbstractJavaProjectConfigurator - Adding resource folder /bta-discovery-service/src/main/resources
2025-10-16 11:36:31,923 [Worker-13: Updating Maven Project] INFO  o.e.m.j.i.AbstractJavaProjectConfigurator - Adding source folder /bta-discovery-service/src/test/java
2025-10-16 11:36:31,923 [Worker-13: Updating Maven Project] INFO  o.e.m.j.i.AbstractJavaProjectConfigurator - Adding resource folder /bta-discovery-service/src/test/resources
2025-10-16 11:36:32,066 [Worker-13: Updating Maven Project] INFO  o.e.m.j.i.AbstractJavaProjectConfigurator - Adding source folder /bta-statement-service/src/main/java
2025-10-16 11:36:32,066 [Worker-13: Updating Maven Project] INFO  o.e.m.j.i.AbstractJavaProjectConfigurator - Adding resource folder /bta-statement-service/src/main/resources
2025-10-16 11:36:32,066 [Worker-13: Updating Maven Project] INFO  o.e.m.j.i.AbstractJavaProjectConfigurator - Adding resource folder /bta-statement-service/src/main/resources
2025-10-16 11:36:32,066 [Worker-13: Updating Maven Project] INFO  o.e.m.j.i.AbstractJavaProjectConfigurator - Adding source folder /bta-statement-service/src/test/java
2025-10-16 11:36:32,066 [Worker-13: Updating Maven Project] INFO  o.e.m.j.i.AbstractJavaProjectConfigurator - Adding resource folder /bta-statement-service/src/test/resources
2025-10-16 11:36:32,187 [Worker-13: Updating Maven Project] INFO  o.e.m.j.i.AbstractJavaProjectConfigurator - Adding source folder /bta-txns-service/src/main/java
2025-10-16 11:36:32,187 [Worker-13: Updating Maven Project] INFO  o.e.m.j.i.AbstractJavaProjectConfigurator - Adding resource folder /bta-txns-service/src/main/resources
2025-10-16 11:36:32,187 [Worker-13: Updating Maven Project] INFO  o.e.m.j.i.AbstractJavaProjectConfigurator - Adding resource folder /bta-txns-service/src/main/resources
2025-10-16 11:36:32,187 [Worker-13: Updating Maven Project] INFO  o.e.m.j.i.AbstractJavaProjectConfigurator - Adding source folder /bta-txns-service/src/test/java
2025-10-16 11:36:32,187 [Worker-13: Updating Maven Project] INFO  o.e.m.j.i.AbstractJavaProjectConfigurator - Adding resource folder /bta-txns-service/src/test/resources
2025-10-16 11:36:32,361 [Worker-13: Updating Maven Project] INFO  o.e.m.c.i.p.ProjectConfigurationManager - Update completed for 5 poms: local refresh takes 0.00 sec, refresh facades takes 0.00 sec, update config takes 0.00 sec 
2025-10-16 11:38:02,427 [main] INFO  o.e.m2e.actions.ExecutePomAction - Creating new launch configuration
2025-10-16 11:38:09,267 [Worker-9: Launching bta-discovery-service] INFO  o.e.m.i.launch.MavenLaunchDelegate - Run build in "E:\ongoing\AllSpring_25Aug25_23Oct25_11to1\budget-tracker\step2\bta-parent\bta-discovery-service":
2025-10-16 11:38:09,267 [Worker-9: Launching bta-discovery-service] INFO  o.e.m.i.launch.MavenLaunchDelegate -  mvn  -B -Dstyle.color=always clean package
2025-10-16 11:38:17,230 [main] INFO  o.e.m2e.actions.ExecutePomAction - Using existing launch configuration
2025-10-16 11:38:17,246 [Worker-17: Launching bta-accounts-service] INFO  o.e.m.i.launch.MavenLaunchDelegate - Run build in "E:\ongoing\AllSpring_25Aug25_23Oct25_11to1\budget-tracker\step1\bta-parent\bta-accounts-service":
2025-10-16 11:38:17,246 [Worker-17: Launching bta-accounts-service] INFO  o.e.m.i.launch.MavenLaunchDelegate -  mvn  -B -Dstyle.color=always clean package
2025-10-16 11:38:25,039 [Worker-12: Launching bta-statement-service (1)] INFO  o.e.m.i.launch.MavenLaunchDelegate - Run build in "E:\ongoing\AllSpring_25Aug25_23Oct25_11to1\budget-tracker\step1\bta-parent\bta-statement-service":
2025-10-16 11:38:25,039 [Worker-12: Launching bta-statement-service (1)] INFO  o.e.m.i.launch.MavenLaunchDelegate -  mvn  -B -Dstyle.color=always clean package
2025-10-16 11:38:30,789 [main] INFO  o.e.m2e.actions.ExecutePomAction - Using existing launch configuration
2025-10-16 11:38:30,806 [Worker-14: Launching bta-txns-service] INFO  o.e.m.i.launch.MavenLaunchDelegate - Run build in "E:\ongoing\AllSpring_25Aug25_23Oct25_11to1\budget-tracker\step1\bta-parent\bta-txns-service":
2025-10-16 11:38:30,806 [Worker-14: Launching bta-txns-service] INFO  o.e.m.i.launch.MavenLaunchDelegate -  mvn  -B -Dstyle.color=always clean package
2025-12-02 10:13:12,702 [Worker-4: Loading available Gradle versions] INFO  o.e.b.c.i.u.g.PublishedGradleVersions - Gradle version information cache is up-to-date. Trying to read.
